2.1541,-58.29,107.73,-13.979
2.1541,-58.29,107.73,-13.979
1.9088,-58.271,107.82,-13.909
1.6634,-58.251,107.91,-13.84
1.4181,-58.232,108,-13.771
1.1728,-58.212,108.09,-13.701
1.1728,-58.212,108.09,-13.701
0.92475,-58.194,108.17,-13.636
0.67674,-58.176,108.25,-13.571
0.42874,-58.158,108.34,-13.506
0.18073,-58.14,108.42,-13.44
0.18073,-58.14,108.42,-13.44
-0.069787,-58.124,108.5,-13.379
-0.32031,-58.107,108.57,-13.318
-0.57082,-58.091,108.65,-13.258
-0.82134,-58.074,108.73,-13.197
-0.82134,-58.074,108.73,-13.197
-1.0743,-58.059,108.8,-13.14
-1.3272,-58.044,108.87,-13.083
-1.5801,-58.029,108.94,-13.027
-1.833,-58.014,109.02,-12.97
-1.833,-58.014,109.02,-12.97
-2.0882,-58,109.08,-12.918
-2.3433,-57.987,109.15,-12.866
-2.5985,-57.973,109.21,-12.814
-2.8537,-57.959,109.28,-12.762
-2.8537,-57.959,109.28,-12.762
-3.111,-57.947,109.34,-12.714
-3.3683,-57.935,109.4,-12.666
-3.6256,-57.922,109.46,-12.618
-3.8829,-57.91,109.52,-12.571
-3.8829,-57.91,109.52,-12.571
-4.1421,-57.899,109.57,-12.528
-4.4014,-57.888,109.63,-12.484
-4.6607,-57.877,109.68,-12.441
-4.92,-57.866,109.74,-12.398
-4.92,-57.866,109.74,-12.398
-5.1811,-57.856,109.78,-12.359
-5.4422,-57.846,109.83,-12.321
-5.7033,-57.837,109.88,-12.282
-5.9644,-57.827,109.93,-12.244
-5.9644,-57.827,109.93,-12.244
-6.2272,-57.819,109.97,-12.21
-6.49,-57.81,110.01,-12.176
-6.7528,-57.802,110.06,-12.142
-7.0155,-57.793,110.1,-12.108
-7.0155,-57.793,110.1,-12.108
-7.2798,-57.786,110.14,-12.078
-7.5441,-57.779,110.17,-12.049
-7.8084,-57.772,110.21,-12.02
-8.0727,-57.764,110.25,-11.991
-8.0727,-57.764,110.25,-11.991
-8.3383,-57.758,110.28,-11.966
-8.6039,-57.752,110.31,-11.941
-8.8695,-57.746,110.34,-11.917
-9.1352,-57.74,110.37,-11.892
-9.1352,-57.74,110.37,-11.892
-9.4019,-57.736,110.39,-11.873
-9.6687,-57.731,110.42,-11.853
-9.9355,-57.726,110.44,-11.833
-10.202,-57.721,110.47,-11.813
-10.202,-57.721,110.47,-11.813
-10.47,-57.718,110.48,-11.798
-10.738,-57.714,110.5,-11.783
-11.006,-57.71,110.52,-11.768
-11.273,-57.707,110.54,-11.753
-11.273,-57.707,110.54,-11.753
-11.542,-57.704,110.55,-11.743
-11.81,-57.702,110.57,-11.732
-12.079,-57.699,110.58,-11.722
-12.348,-57.697,110.59,-11.712
-12.348,-57.697,110.59,-11.712
-12.617,-57.696,110.6,-11.707
-12.886,-57.694,110.6,-11.701
-13.155,-57.693,110.61,-11.696
-13.424,-57.692,110.62,-11.69
-13.424,-57.692,110.62,-11.69
-13.694,-57.692,110.62,-11.69
-13.963,-57.691,110.62,-11.689
-14.233,-57.691,110.62,-11.689
-14.503,-57.691,110.62,-11.688
-14.503,-57.691,110.62,-11.688
-14.772,-57.692,110.62,-11.692
-15.042,-57.693,110.61,-11.696
-15.312,-57.694,110.61,-11.701
-15.582,-57.695,110.6,-11.705
-15.582,-57.695,110.6,-11.705
-15.852,-57.697,110.59,-11.714
-16.121,-57.699,110.58,-11.723
-16.391,-57.702,110.57,-11.732
-16.661,-57.704,110.56,-11.741
-16.661,-57.704,110.56,-11.741
-16.931,-57.707,110.54,-11.755
-17.201,-57.71,110.52,-11.769
-17.47,-57.714,110.5,-11.782
-17.74,-57.717,110.49,-11.796
-17.74,-57.717,110.49,-11.796
-18.009,-57.722,110.46,-11.815
-18.279,-57.726,110.44,-11.834
-18.548,-57.731,110.42,-11.852
-18.817,-57.735,110.39,-11.871
-18.817,-57.735,110.39,-11.871
-19.086,-57.741,110.37,-11.894
-19.355,-57.747,110.34,-11.918
-19.624,-57.752,110.31,-11.941
-19.892,-57.758,110.28,-11.964
-19.892,-57.758,110.28,-11.964
-20.161,-57.765,110.24,-11.992
-20.429,-57.772,110.21,-12.02
-20.697,-57.779,110.17,-12.049
-20.965,-57.786,110.14,-12.077
-20.965,-57.786,110.14,-12.077
-21.232,-57.794,110.1,-12.109
-21.499,-57.802,110.06,-12.142
-21.766,-57.81,110.01,-12.175
-22.034,-57.818,109.97,-12.208
-22.034,-57.818,109.97,-12.208
-22.3,-57.827,109.93,-12.245
-22.566,-57.837,109.88,-12.283
-22.832,-57.846,109.83,-12.32
-23.098,-57.856,109.79,-12.358
-23.098,-57.856,109.79,-12.358
-23.363,-57.866,109.73,-12.4
-23.628,-57.877,109.68,-12.442
-23.893,-57.888,109.63,-12.484
-24.157,-57.898,109.58,-12.526
-24.157,-57.898,109.58,-12.526
-24.138,-57.939,109.38,-12.683
-24.119,-57.98,109.18,-12.839
-24.1,-58.021,108.98,-12.996
-24.081,-58.062,108.78,-13.153
-24.081,-58.062,108.78,-13.153
-24.062,-58.105,108.59,-13.309
-24.044,-58.148,108.39,-13.465
-24.025,-58.191,108.19,-13.622
-24.006,-58.234,107.99,-13.778
-24.006,-58.234,107.99,-13.778
-23.988,-58.278,107.79,-13.934
-23.97,-58.323,107.59,-14.09
-23.951,-58.367,107.39,-14.246
-23.933,-58.412,107.19,-14.402
-23.933,-58.412,107.19,-14.402
-23.915,-58.458,106.98,-14.558
-23.897,-58.504,106.78,-14.713
-23.879,-58.551,106.58,-14.869
-23.861,-58.597,106.38,-15.025
-23.861,-58.597,106.38,-15.025
-23.844,-58.645,106.17,-15.18
-23.826,-58.693,105.97,-15.335
-23.809,-58.741,105.77,-15.491
-23.791,-58.789,105.56,-15.646
-23.791,-58.789,105.56,-15.646
-23.774,-58.839,105.36,-15.801
-23.757,-58.889,105.16,-15.956
-23.74,-58.938,104.95,-16.111
-23.723,-58.988,104.75,-16.267
-23.723,-58.988,104.75,-16.267
-23.706,-59.039,104.54,-16.421
-23.689,-59.091,104.33,-16.576
-23.673,-59.142,104.13,-16.731
-23.656,-59.194,103.92,-16.886
-23.656,-59.194,103.92,-16.886
-23.64,-59.247,103.71,-17.041
-23.623,-59.3,103.5,-17.195
-23.607,-59.353,103.3,-17.35
-23.59,-59.406,103.09,-17.505
-23.59,-59.406,103.09,-17.505
-23.574,-59.461,102.88,-17.659
-23.558,-59.516,102.67,-17.814
-23.542,-59.571,102.46,-17.969
-23.526,-59.626,102.25,-18.123
-23.526,-59.626,102.25,-18.123
-23.51,-59.682,102.04,-18.278
-23.495,-59.739,101.83,-18.432
-23.479,-59.795,101.62,-18.587
-23.463,-59.852,101.41,-18.741
-23.463,-59.852,101.41,-18.741
-23.448,-59.91,101.19,-18.895
-23.432,-59.968,100.98,-19.05
-23.417,-60.026,100.77,-19.204
-23.401,-60.084,100.56,-19.359
-23.401,-60.084,100.56,-19.359
-23.386,-60.144,100.34,-19.513
-23.371,-60.204,100.13,-19.667
-23.356,-60.264,99.915,-19.822
-23.341,-60.323,99.701,-19.976
-23.341,-60.323,99.701,-19.976
-23.326,-60.385,99.485,-20.13
-23.311,-60.446,99.269,-20.285
-23.297,-60.508,99.053,-20.439
-23.282,-60.569,98.837,-20.594
-23.282,-60.569,98.837,-20.594
-23.267,-60.632,98.62,-20.748
-23.253,-60.696,98.402,-20.902
-23.238,-60.759,98.185,-21.057
-23.224,-60.822,97.967,-21.211
-23.224,-60.822,97.967,-21.211
-23.21,-60.887,97.748,-21.366
-23.195,-60.951,97.528,-21.52
-23.181,-61.016,97.309,-21.675
-23.167,-61.081,97.09,-21.829
-23.167,-61.081,97.09,-21.829
-23.153,-61.147,96.869,-21.984
-23.139,-61.214,96.648,-22.138
-23.125,-61.28,96.427,-22.293
-23.111,-61.347,96.205,-22.448
-23.111,-61.347,96.205,-22.448
-23.098,-61.415,95.983,-22.603
-23.084,-61.483,95.76,-22.757
-23.07,-61.551,95.537,-22.912
-23.057,-61.619,95.314,-23.067
-23.057,-61.619,95.314,-23.067
-23.043,-61.689,95.089,-23.222
-23.03,-61.759,94.864,-23.377
-23.016,-61.828,94.64,-23.532
-23.003,-61.898,94.415,-23.687
-23.003,-61.898,94.415,-23.687
-22.99,-61.97,94.188,-23.842
-22.977,-62.041,93.961,-23.997
-22.963,-62.113,93.735,-24.153
-22.95,-62.184,93.508,-24.308
-22.95,-62.184,93.508,-24.308
-22.937,-62.257,93.279,-24.464
-22.924,-62.33,93.051,-24.619
-22.912,-62.403,92.822,-24.775
-22.899,-62.477,92.593,-24.93
-22.899,-62.477,92.593,-24.93
-22.886,-62.551,92.363,-25.086
-22.873,-62.626,92.132,-25.242
-22.861,-62.701,91.901,-25.398
-22.848,-62.776,91.671,-25.554
-22.848,-62.776,91.671,-25.554
-22.836,-62.852,91.438,-25.71
-22.823,-62.929,91.205,-25.866
-22.811,-63.005,90.972,-26.022
-22.798,-63.082,90.739,-26.179
-22.798,-63.082,90.739,-26.179
-22.786,-63.16,90.505,-26.335
-22.774,-63.238,90.27,-26.492
-22.762,-63.317,90.035,-26.649
-22.749,-63.395,89.8,-26.805
-22.749,-63.395,89.8,-26.805
-22.737,-63.475,89.563,-26.962
-22.725,-63.555,89.326,-27.12
-22.713,-63.635,89.088,-27.277
-22.701,-63.715,88.851,-27.434
-22.701,-63.715,88.851,-27.434
-22.69,-63.796,88.612,-27.592
-22.678,-63.878,88.373,-27.749
-22.666,-63.96,88.133,-27.907
-22.654,-64.042,87.894,-28.065
-22.654,-64.042,87.894,-28.065
-22.448,-64.025,87.944,-28.032
-22.242,-64.008,87.993,-27.999
-22.036,-63.99,88.043,-27.967
-21.83,-63.973,88.093,-27.934
-21.83,-63.973,88.093,-27.934
-21.623,-63.958,88.137,-27.905
-21.416,-63.943,88.181,-27.876
-21.21,-63.928,88.225,-27.847
-21.003,-63.913,88.269,-27.818
-21.003,-63.913,88.269,-27.818
-20.796,-63.9,88.307,-27.793
-20.589,-63.887,88.346,-27.767
-20.381,-63.874,88.384,-27.742
-20.174,-63.861,88.423,-27.717
-20.174,-63.861,88.423,-27.717
-19.966,-63.849,88.456,-27.695
-19.759,-63.838,88.489,-27.673
-19.551,-63.827,88.521,-27.652
-19.344,-63.816,88.554,-27.63
-19.344,-63.816,88.554,-27.63
-19.136,-63.806,88.582,-27.612
-18.928,-63.797,88.609,-27.594
-18.72,-63.788,88.636,-27.576
-18.512,-63.779,88.663,-27.558
-18.512,-63.779,88.663,-27.558
-18.303,-63.771,88.685,-27.544
-18.095,-63.764,88.707,-27.529
-17.887,-63.756,88.728,-27.515
-17.679,-63.749,88.75,-27.501
-17.679,-63.749,88.75,-27.501
-17.47,-63.744,88.766,-27.49
-17.262,-63.738,88.782,-27.48
-17.054,-63.733,88.798,-27.469
-16.845,-63.727,88.814,-27.458
-16.845,-63.727,88.814,-27.458
-16.637,-63.724,88.825,-27.451
-16.428,-63.72,88.835,-27.444
-16.22,-63.717,88.846,-27.437
-16.012,-63.713,88.856,-27.431
-16.012,-63.713,88.856,-27.431
-15.803,-63.711,88.861,-27.427
-15.595,-63.71,88.866,-27.424
-15.386,-63.708,88.871,-27.421
-15.178,-63.706,88.876,-27.418
-15.178,-63.706,88.876,-27.418
-14.969,-63.707,88.875,-27.418
-14.761,-63.707,88.875,-27.419
-14.553,-63.707,88.874,-27.419
-14.344,-63.707,88.873,-27.419
-14.344,-63.707,88.873,-27.419
-14.136,-63.709,88.867,-27.424
-13.928,-63.712,88.861,-27.428
-13.72,-63.714,88.854,-27.432
-13.512,-63.716,88.848,-27.436
-13.512,-63.716,88.848,-27.436
-13.304,-63.72,88.836,-27.444
-13.096,-63.724,88.824,-27.452
-12.888,-63.728,88.812,-27.46
-12.681,-63.732,88.801,-27.467
-12.681,-63.732,88.801,-27.467
-12.473,-63.738,88.783,-27.479
-12.266,-63.744,88.766,-27.491
-12.058,-63.75,88.748,-27.502
-11.851,-63.756,88.731,-27.514
-11.851,-63.756,88.731,-27.514
-11.644,-63.764,88.707,-27.529
-11.437,-63.771,88.684,-27.544
-11.229,-63.779,88.661,-27.559
-11.022,-63.787,88.638,-27.575
-11.022,-63.787,88.638,-27.575
-10.816,-63.797,88.61,-27.594
-10.609,-63.807,88.581,-27.612
-10.403,-63.816,88.552,-27.631
-10.196,-63.826,88.524,-27.65
-10.196,-63.826,88.524,-27.65
-9.9906,-63.838,88.489,-27.673
-9.7847,-63.85,88.455,-27.695
-9.5789,-63.861,88.421,-27.718
-9.373,-63.873,88.386,-27.741
-9.373,-63.873,88.386,-27.741
-9.1678,-63.887,88.347,-27.767
-8.9627,-63.9,88.307,-27.793
-8.7575,-63.914,88.267,-27.819
-8.5523,-63.927,88.227,-27.846
-8.5523,-63.927,88.227,-27.846
-8.348,-63.943,88.181,-27.876
-8.1436,-63.959,88.136,-27.905
-7.9392,-63.974,88.09,-27.935
-7.7348,-63.99,88.045,-27.965
-7.7348,-63.99,88.045,-27.965
-7.5313,-64.007,87.994,-27.999
-7.3278,-64.025,87.943,-28.032
-7.1243,-64.042,87.892,-28.066
-6.9208,-64.06,87.841,-28.099
-6.9208,-64.06,87.841,-28.099
-6.7182,-64.079,87.784,-28.137
-6.5156,-64.099,87.727,-28.174
-6.3131,-64.118,87.671,-28.211
-6.1105,-64.138,87.614,-28.248
-6.1105,-64.138,87.614,-28.248
-5.9089,-64.159,87.552,-28.289
-5.7074,-64.181,87.489,-28.33
-5.5058,-64.202,87.427,-28.371
-5.3043,-64.224,87.365,-28.411
-5.3043,-64.224,87.365,-28.411
-5.1038,-64.247,87.297,-28.456
-4.9034,-64.271,87.229,-28.5
-4.7029,-64.294,87.161,-28.545
-4.5024,-64.318,87.093,-28.589
-4.5024,-64.318,87.093,-28.589
-4.3031,-64.344,87.02,-28.637
-4.1038,-64.369,86.946,-28.685
-3.9045,-64.395,86.872,-28.733
-3.7052,-64.42,86.799,-28.781
-3.7052,-64.42,86.799,-28.781
-3.5071,-64.448,86.72,-28.832
-3.3091,-64.475,86.641,-28.884
-3.111,-64.503,86.561,-28.936
-2.9129,-64.531,86.482,-28.987
-2.9129,-64.531,86.482,-28.987
-2.7161,-64.56,86.397,-29.042
-2.5193,-64.59,86.313,-29.097
-2.3226,-64.62,86.228,-29.153
-2.1258,-64.649,86.143,-29.208
-2.1258,-64.649,86.143,-29.208
-2.0918,-64.566,86.383,-29.052
-2.0579,-64.482,86.622,-28.895
-2.024,-64.399,86.862,-28.739
-1.99,-64.315,87.102,-28.583
-1.99,-64.315,87.102,-28.583
-1.9555,-64.233,87.339,-28.428
-1.921,-64.151,87.576,-28.272
-1.8865,-64.07,87.814,-28.117
-1.852,-63.988,88.051,-27.961
-1.852,-63.988,88.051,-27.961
-1.8168,-63.908,88.286,-27.806
-1.7817,-63.828,88.521,-27.651
-1.7466,-63.747,88.756,-27.496
-1.7114,-63.667,88.991,-27.342
-1.7114,-63.667,88.991,-27.342
-1.6757,-63.589,89.224,-27.187
-1.6399,-63.511,89.457,-27.033
-1.6042,-63.432,89.689,-26.878
-1.5684,-63.354,89.922,-26.724
-1.5684,-63.354,89.922,-26.724
-1.532,-63.277,90.153,-26.57
-1.4956,-63.201,90.383,-26.416
-1.4592,-63.124,90.614,-26.262
-1.4228,-63.047,90.844,-26.108
-1.4228,-63.047,90.844,-26.108
-1.3858,-62.972,91.073,-25.955
-1.3487,-62.897,91.301,-25.802
-1.3116,-62.822,91.529,-25.648
-1.2746,-62.747,91.758,-25.495
-1.2746,-62.747,91.758,-25.495
-1.2368,-62.674,91.984,-25.342
-1.1991,-62.601,92.211,-25.189
-1.1614,-62.527,92.437,-25.036
-1.1237,-62.454,92.663,-24.883
-1.1237,-62.454,92.663,-24.883
-1.0852,-62.382,92.888,-24.73
-1.0468,-62.311,93.112,-24.577
-1.0084,-62.239,93.336,-24.425
-0.96993,-62.167,93.56,-24.272
-0.96993,-62.167,93.56,-24.272
-0.93079,-62.097,93.783,-24.12
-0.89165,-62.027,94.005,-23.968
-0.8525,-61.957,94.227,-23.815
-0.81336,-61.887,94.45,-23.663
-0.81336,-61.887,94.45,-23.663
-0.77348,-61.819,94.67,-23.511
-0.73361,-61.751,94.891,-23.359
-0.69373,-61.682,95.111,-23.207
-0.65386,-61.614,95.331,-23.055
-0.65386,-61.614,95.331,-23.055
-0.61323,-61.547,95.55,-22.903
-0.5726,-61.48,95.768,-22.751
-0.53196,-61.414,95.987,-22.6
-0.49133,-61.347,96.205,-22.448
-0.49133,-61.347,96.205,-22.448
-0.44992,-61.282,96.422,-22.296
-0.40851,-61.217,96.639,-22.145
-0.3671,-61.151,96.855,-21.993
-0.32569,-61.086,97.072,-21.842
-0.32569,-61.086,97.072,-21.842
-0.2835,-61.023,97.287,-21.69
-0.2413,-60.959,97.502,-21.539
-0.1991,-60.896,97.717,-21.388
-0.1569,-60.832,97.932,-21.236
-0.1569,-60.832,97.932,-21.236
-0.11387,-60.77,98.145,-21.085
-0.070846,-60.708,98.358,-20.934
-0.02782,-60.647,98.571,-20.783
0.015207,-60.585,98.784,-20.631
0.015207,-60.585,98.784,-20.631
0.05907,-60.524,98.995,-20.48
0.10293,-60.464,99.207,-20.329
0.1468,-60.404,99.418,-20.178
0.19066,-60.343,99.63,-20.027
0.19066,-60.343,99.63,-20.027
0.2354,-60.285,99.839,-19.876
0.28013,-60.226,100.05,-19.725
0.32487,-60.167,100.26,-19.574
0.3696,-60.109,100.47,-19.423
0.3696,-60.109,100.47,-19.423
0.41523,-60.052,100.68,-19.272
0.46086,-59.995,100.88,-19.121
0.50648,-59.938,101.09,-18.97
0.55211,-59.881,101.3,-18.819
0.55211,-59.881,101.3,-18.819
0.59865,-59.825,101.51,-18.668
0.64519,-59.77,101.71,-18.517
0.69173,-59.714,101.92,-18.366
0.73827,-59.659,102.13,-18.215
0.73827,-59.659,102.13,-18.215
0.78577,-59.605,102.33,-18.064
0.83326,-59.551,102.54,-17.913
0.88075,-59.497,102.74,-17.762
0.92825,-59.444,102.95,-17.611
0.92825,-59.444,102.95,-17.611
0.97672,-59.391,103.15,-17.46
1.0252,-59.339,103.35,-17.309
1.0737,-59.287,103.55,-17.158
1.1222,-59.235,103.76,-17.007
1.1222,-59.235,103.76,-17.007
1.1716,-59.184,103.96,-16.856
1.2211,-59.134,104.16,-16.705
1.2705,-59.083,104.36,-16.554
1.32,-59.033,104.56,-16.403
1.32,-59.033,104.56,-16.403
1.3705,-58.984,104.76,-16.251
1.421,-58.935,104.96,-16.1
1.4715,-58.886,105.17,-15.949
1.522,-58.837,105.37,-15.798
1.522,-58.837,105.37,-15.798
1.5736,-58.79,105.56,-15.646
1.6252,-58.743,105.76,-15.495
1.6767,-58.695,105.96,-15.344
1.7283,-58.648,106.16,-15.192
1.7283,-58.648,106.16,-15.192
1.781,-58.602,106.36,-15.041
1.8337,-58.557,106.55,-14.889
1.8863,-58.511,106.75,-14.737
1.939,-58.466,106.95,-14.586
1.939,-58.466,106.95,-14.586
1.9928,-58.422,107.14,-14.434
2.0466,-58.378,107.34,-14.282
2.1004,-58.334,107.54,-14.131
2.1542,-58.29,107.73,-13.979
2.1542,-58.29,107.73,-13.979
-1.0682,-58.146,108.42,-13.429
-4.2907,-58.002,109.12,-12.88
-7.5132,-57.857,109.81,-12.331
-10.736,-57.713,110.51,-11.782
-10.736,-57.713,110.51,-11.782
-10.741,-57.723,110.46,-11.821
-10.746,-57.733,110.41,-11.861
-10.752,-57.742,110.36,-11.901
-10.757,-57.752,110.31,-11.94
-10.757,-57.752,110.31,-11.94
-10.762,-57.762,110.26,-11.98
-10.767,-57.772,110.21,-12.02
-10.772,-57.782,110.16,-12.06
-10.777,-57.791,110.11,-12.1
-10.777,-57.791,110.11,-12.1
-10.782,-57.801,110.06,-12.14
-10.787,-57.811,110.01,-12.179
-10.791,-57.821,109.96,-12.219
-10.796,-57.831,109.91,-12.259
-10.796,-57.831,109.91,-12.259
-10.801,-57.841,109.86,-12.299
-10.806,-57.851,109.81,-12.339
-10.811,-57.861,109.76,-12.379
-10.816,-57.871,109.71,-12.418
-10.816,-57.871,109.71,-12.418
-10.821,-57.881,109.66,-12.458
-10.825,-57.891,109.61,-12.498
-10.83,-57.902,109.56,-12.538
-10.835,-57.912,109.51,-12.578
-10.835,-57.912,109.51,-12.578
-10.84,-57.922,109.46,-12.617
-10.845,-57.932,109.41,-12.657
-10.849,-57.942,109.36,-12.697
-10.854,-57.953,109.31,-12.737
-10.854,-57.953,109.31,-12.737
-10.859,-57.963,109.26,-12.776
-10.864,-57.973,109.21,-12.816
-10.868,-57.984,109.16,-12.856
-10.873,-57.994,109.11,-12.896
-10.873,-57.994,109.11,-12.896
-10.878,-58.005,109.06,-12.935
-10.883,-58.015,109.01,-12.975
-10.887,-58.026,108.96,-13.015
-10.892,-58.036,108.91,-13.054
-10.892,-58.036,108.91,-13.054
-10.897,-58.047,108.86,-13.094
-10.901,-58.057,108.81,-13.134
-10.906,-58.068,108.76,-13.173
-10.911,-58.079,108.71,-13.213
-10.911,-58.079,108.71,-13.213
-10.915,-58.089,108.66,-13.253
-10.92,-58.1,108.61,-13.292
-10.925,-58.111,108.56,-13.332
-10.93,-58.121,108.51,-13.372
-10.93,-58.121,108.51,-13.372
-10.934,-58.132,108.46,-13.411
-10.939,-58.143,108.41,-13.451
-10.943,-58.154,108.36,-13.49
-10.948,-58.165,108.31,-13.53
-10.948,-58.165,108.31,-13.53
-10.953,-58.176,108.25,-13.57
-10.957,-58.187,108.2,-13.609
-10.962,-58.198,108.15,-13.649
-10.967,-58.209,108.1,-13.688
-10.967,-58.209,108.1,-13.688
-10.971,-58.22,108.05,-13.728
-10.976,-58.231,108,-13.767
-10.98,-58.242,107.95,-13.807
-10.985,-58.253,107.9,-13.847
-10.985,-58.253,107.9,-13.847
-10.99,-58.264,107.85,-13.886
-10.994,-58.275,107.8,-13.926
-10.999,-58.286,107.75,-13.965
-11.003,-58.297,107.7,-14.005
-11.003,-58.297,107.7,-14.005
-11.008,-58.309,107.65,-14.044
-11.012,-58.32,107.6,-14.084
-11.017,-58.331,107.55,-14.123
-11.021,-58.343,107.49,-14.163
-11.021,-58.343,107.49,-14.163
-11.026,-58.354,107.44,-14.202
-11.031,-58.365,107.39,-14.242
-11.035,-58.377,107.34,-14.281
-11.04,-58.388,107.29,-14.321
-11.04,-58.388,107.29,-14.321
-11.044,-58.4,107.24,-14.36
-11.049,-58.411,107.19,-14.399
-11.053,-58.423,107.14,-14.439
-11.058,-58.434,107.09,-14.478
-11.058,-58.434,107.09,-14.478
-11.062,-58.446,107.04,-14.518
-11.066,-58.457,106.99,-14.557
-11.071,-58.469,106.93,-14.597
-11.075,-58.481,106.88,-14.636
-11.075,-58.481,106.88,-14.636
-11.08,-58.492,106.83,-14.675
-11.084,-58.504,106.78,-14.715
-11.089,-58.516,106.73,-14.754
-11.093,-58.527,106.68,-14.794
-11.093,-58.527,106.68,-14.794
-11.098,-58.539,106.63,-14.833
-11.102,-58.551,106.58,-14.872
-11.106,-58.563,106.53,-14.912
-11.111,-58.575,106.47,-14.951
-11.111,-58.575,106.47,-14.951
-11.115,-58.587,106.42,-14.991
-11.12,-58.599,106.37,-15.03
-11.124,-58.611,106.32,-15.069
-11.128,-58.623,106.27,-15.109
-11.128,-58.623,106.27,-15.109
-11.133,-58.635,106.22,-15.148
-11.137,-58.647,106.17,-15.187
-11.142,-58.659,106.11,-15.227
-11.146,-58.671,106.06,-15.266
-11.146,-58.671,106.06,-15.266
-11.15,-58.683,106.01,-15.305
-11.155,-58.695,105.96,-15.345
-11.159,-58.707,105.91,-15.384
-11.163,-58.719,105.86,-15.423
-11.163,-58.719,105.86,-15.423
-11.168,-58.732,105.81,-15.463
-11.172,-58.744,105.75,-15.502
-11.176,-58.756,105.7,-15.541
-11.181,-58.768,105.65,-15.581
-11.181,-58.768,105.65,-15.581
-11.185,-58.781,105.6,-15.62
-11.189,-58.793,105.55,-15.659
-11.194,-58.806,105.5,-15.698
-11.198,-58.818,105.44,-15.738
-11.198,-58.818,105.44,-15.738
-11.202,-58.83,105.39,-15.777
-11.206,-58.843,105.34,-15.816
-11.211,-58.855,105.29,-15.855
-11.215,-58.868,105.24,-15.895
-11.215,-58.868,105.24,-15.895
-11.219,-58.881,105.19,-15.934
-11.223,-58.893,105.13,-15.973
-11.228,-58.906,105.08,-16.012
-11.232,-58.918,105.03,-16.052
-11.232,-58.918,105.03,-16.052
-11.236,-58.931,104.98,-16.091
-11.24,-58.944,104.93,-16.13
-11.245,-58.956,104.87,-16.169
-11.249,-58.969,104.82,-16.209
-11.249,-58.969,104.82,-16.209
-11.253,-58.982,104.77,-16.248
-11.257,-58.995,104.72,-16.287
-11.261,-59.008,104.67,-16.326
-11.266,-59.02,104.61,-16.365
-11.266,-59.02,104.61,-16.365
-11.27,-59.033,104.56,-16.405
-11.274,-59.046,104.51,-16.444
-11.278,-59.059,104.46,-16.483
-11.282,-59.072,104.41,-16.522
-11.282,-59.072,104.41,-16.522
-11.287,-59.085,104.35,-16.561
-11.291,-59.098,104.3,-16.601
-11.295,-59.111,104.25,-16.64
-11.299,-59.124,104.2,-16.679
-11.299,-59.124,104.2,-16.679
-11.303,-59.137,104.14,-16.718
-11.307,-59.15,104.09,-16.757
-11.311,-59.164,104.04,-16.796
-11.316,-59.177,103.99,-16.836
-11.316,-59.177,103.99,-16.836
-11.32,-59.19,103.94,-16.875
-11.324,-59.203,103.88,-16.914
-11.328,-59.217,103.83,-16.953
-11.332,-59.23,103.78,-16.992
-11.332,-59.23,103.78,-16.992
-11.336,-59.243,103.73,-17.031
-11.34,-59.256,103.67,-17.07
-11.344,-59.27,103.62,-17.11
-11.348,-59.283,103.57,-17.149
-11.348,-59.283,103.57,-17.149
-11.353,-59.297,103.52,-17.188
-11.357,-59.31,103.46,-17.227
-11.361,-59.324,103.41,-17.266
-11.365,-59.337,103.36,-17.305
-11.365,-59.337,103.36,-17.305
-11.369,-59.351,103.31,-17.344
-11.373,-59.364,103.25,-17.383
-11.377,-59.378,103.2,-17.423
-11.381,-59.391,103.15,-17.462
-11.381,-59.391,103.15,-17.462
-11.385,-59.405,103.09,-17.501
-11.389,-59.419,103.04,-17.54
-11.393,-59.432,102.99,-17.579
-11.397,-59.446,102.94,-17.618
-11.397,-59.446,102.94,-17.618
-11.401,-59.46,102.88,-17.657
-11.405,-59.474,102.83,-17.696
-11.409,-59.487,102.78,-17.735
-11.413,-59.501,102.72,-17.774
-11.413,-59.501,102.72,-17.774
-11.417,-59.515,102.67,-17.813
-11.421,-59.529,102.62,-17.853
-11.425,-59.543,102.57,-17.892
-11.429,-59.557,102.51,-17.931
-11.429,-59.557,102.51,-17.931
-11.433,-59.571,102.46,-17.97
-11.437,-59.585,102.41,-18.009
-11.441,-59.599,102.35,-18.048
-11.445,-59.613,102.3,-18.087
-11.445,-59.613,102.3,-18.087
-11.449,-59.627,102.25,-18.126
-11.453,-59.641,102.19,-18.165
-11.457,-59.655,102.14,-18.204
-11.461,-59.669,102.09,-18.243
-11.461,-59.669,102.09,-18.243
-11.465,-59.683,102.03,-18.282
-11.469,-59.697,101.98,-18.321
-11.472,-59.712,101.93,-18.36
-11.476,-59.726,101.87,-18.399
-11.476,-59.726,101.87,-18.399
-11.48,-59.74,101.82,-18.438
-11.484,-59.754,101.77,-18.478
-11.488,-59.769,101.71,-18.517
-11.492,-59.783,101.66,-18.556
-11.492,-59.783,101.66,-18.556
-11.496,-59.797,101.61,-18.595
-11.5,-59.812,101.55,-18.634
-11.504,-59.826,101.5,-18.673
-11.508,-59.841,101.45,-18.712
-11.508,-59.841,101.45,-18.712
-11.511,-59.855,101.39,-18.751
-11.515,-59.87,101.34,-18.79
-11.519,-59.884,101.29,-18.829
-11.523,-59.899,101.23,-18.868
-11.523,-59.899,101.23,-18.868
-11.527,-59.913,101.18,-18.907
-11.531,-59.928,101.13,-18.946
-11.535,-59.943,101.07,-18.985
-11.538,-59.957,101.02,-19.024
-11.538,-59.957,101.02,-19.024
-11.542,-59.972,100.97,-19.063
-11.546,-59.987,100.91,-19.102
-11.55,-60.001,100.86,-19.141
-11.554,-60.016,100.8,-19.18
-11.554,-60.016,100.8,-19.18
-11.558,-60.031,100.75,-19.219
-11.561,-60.046,100.7,-19.258
-11.565,-60.061,100.64,-19.297
-11.569,-60.076,100.59,-19.336
-11.569,-60.076,100.59,-19.336
-11.573,-60.09,100.53,-19.375
-11.577,-60.105,100.48,-19.414
-11.58,-60.12,100.43,-19.453
-11.584,-60.135,100.37,-19.492
-11.584,-60.135,100.37,-19.492
-11.588,-60.15,100.32,-19.531
-11.592,-60.165,100.26,-19.57
-11.595,-60.18,100.21,-19.609
-11.599,-60.196,100.16,-19.648
-11.599,-60.196,100.16,-19.648
-11.603,-60.211,100.1,-19.687
-11.607,-60.226,100.05,-19.726
-11.61,-60.241,99.994,-19.765
-11.614,-60.256,99.94,-19.804
-11.614,-60.256,99.94,-19.804
-11.618,-60.271,99.885,-19.843
-11.622,-60.287,99.831,-19.882
-11.625,-60.302,99.777,-19.921
-11.629,-60.317,99.723,-19.96
-11.629,-60.317,99.723,-19.96
-11.633,-60.333,99.668,-19.999
-11.636,-60.348,99.614,-20.038
-11.64,-60.363,99.56,-20.077
-11.644,-60.379,99.505,-20.116
-11.644,-60.379,99.505,-20.116
-11.648,-60.394,99.451,-20.155
-11.651,-60.41,99.396,-20.194
-11.655,-60.425,99.342,-20.233
-11.659,-60.44,99.287,-20.272
-11.659,-60.44,99.287,-20.272
-11.662,-60.456,99.233,-20.311
-11.666,-60.472,99.178,-20.35
-11.67,-60.487,99.124,-20.389
-11.673,-60.503,99.069,-20.428
-11.673,-60.503,99.069,-20.428
-11.677,-60.518,99.014,-20.467
-11.681,-60.534,98.96,-20.506
-11.684,-60.55,98.905,-20.545
-11.688,-60.565,98.85,-20.584
-11.688,-60.565,98.85,-20.584
-11.692,-60.581,98.796,-20.623
-11.695,-60.597,98.741,-20.662
-11.699,-60.613,98.686,-20.701
-11.703,-60.629,98.631,-20.74
-11.703,-60.629,98.631,-20.74
-11.706,-60.645,98.576,-20.779
-11.71,-60.66,98.522,-20.818
-11.713,-60.676,98.467,-20.857
-11.717,-60.692,98.412,-20.896
-11.717,-60.692,98.412,-20.896
-11.721,-60.708,98.357,-20.935
-11.724,-60.724,98.302,-20.974
-11.728,-60.74,98.247,-21.013
-11.731,-60.756,98.192,-21.052
-11.731,-60.756,98.192,-21.052
-11.735,-60.772,98.137,-21.091
-11.739,-60.788,98.082,-21.13
-11.742,-60.804,98.026,-21.169
-11.746,-60.821,97.971,-21.208
-11.746,-60.821,97.971,-21.208
-11.749,-60.837,97.916,-21.247
-11.753,-60.853,97.861,-21.286
-11.756,-60.869,97.806,-21.325
-11.76,-60.885,97.751,-21.364
-11.76,-60.885,97.751,-21.364
-11.763,-60.902,97.695,-21.403
-11.767,-60.918,97.64,-21.442
-11.771,-60.934,97.585,-21.481
-11.774,-60.951,97.529,-21.52
-11.774,-60.951,97.529,-21.52
-11.778,-60.967,97.474,-21.559
-11.781,-60.983,97.418,-21.598
-11.785,-61,97.363,-21.637
-11.788,-61.016,97.308,-21.676
-11.788,-61.016,97.308,-21.676
-11.792,-61.033,97.252,-21.715
-11.795,-61.049,97.196,-21.754
-11.799,-61.066,97.141,-21.793
-11.802,-61.082,97.085,-21.832
-11.802,-61.082,97.085,-21.832
-11.806,-61.099,97.03,-21.871
-11.809,-61.116,96.974,-21.91
-11.813,-61.132,96.918,-21.949
-11.816,-61.149,96.863,-21.988
-11.816,-61.149,96.863,-21.988
-11.82,-61.165,96.807,-22.027
-11.823,-61.182,96.751,-22.066
-11.827,-61.199,96.696,-22.106
-11.83,-61.216,96.64,-22.145
-11.83,-61.216,96.64,-22.145
-11.834,-61.232,96.584,-22.184
-11.837,-61.249,96.528,-22.223
-11.841,-61.266,96.472,-22.262
-11.844,-61.283,96.416,-22.301
-11.844,-61.283,96.416,-22.301
-11.847,-61.3,96.36,-22.34
-11.851,-61.317,96.304,-22.379
-11.854,-61.334,96.248,-22.418
-11.858,-61.351,96.192,-22.457
-11.858,-61.351,96.192,-22.457
-11.861,-61.368,96.136,-22.496
-11.865,-61.385,96.08,-22.535
-11.868,-61.402,96.024,-22.574
-11.871,-61.419,95.968,-22.613
-11.871,-61.419,95.968,-22.613
-11.875,-61.436,95.912,-22.652
-11.878,-61.453,95.855,-22.691
-11.882,-61.47,95.799,-22.73
-11.885,-61.487,95.743,-22.769
-11.885,-61.487,95.743,-22.769
-11.888,-61.505,95.687,-22.809
-11.892,-61.522,95.63,-22.848
-11.895,-61.539,95.574,-22.887
-11.899,-61.556,95.518,-22.926
-11.899,-61.556,95.518,-22.926
-11.902,-61.574,95.461,-22.965
-11.905,-61.591,95.405,-23.004
-11.909,-61.609,95.348,-23.043
-11.912,-61.626,95.292,-23.082
-11.912,-61.626,95.292,-23.082
-11.916,-61.643,95.235,-23.121
-11.919,-61.661,95.179,-23.16
-11.922,-61.678,95.122,-23.199
-11.926,-61.696,95.066,-23.239
-11.926,-61.696,95.066,-23.239
-11.929,-61.713,95.009,-23.278
-11.932,-61.731,94.952,-23.317
-11.936,-61.748,94.896,-23.356
-11.939,-61.766,94.839,-23.395
-11.939,-61.766,94.839,-23.395
-11.942,-61.784,94.782,-23.434
-11.946,-61.801,94.725,-23.473
-11.949,-61.819,94.669,-23.512
-11.952,-61.837,94.612,-23.551
-11.952,-61.837,94.612,-23.551
-11.956,-61.855,94.555,-23.591
-11.959,-61.872,94.498,-23.63
-11.962,-61.89,94.441,-23.669
-11.966,-61.908,94.384,-23.708
-11.966,-61.908,94.384,-23.708
-11.969,-61.926,94.327,-23.747
-11.972,-61.944,94.27,-23.786
-11.975,-61.962,94.213,-23.826
-11.979,-61.979,94.156,-23.865
-11.979,-61.979,94.156,-23.865
-11.982,-61.997,94.099,-23.904
-11.985,-62.015,94.042,-23.943
-11.989,-62.033,93.984,-23.982
-11.992,-62.051,93.927,-24.021
-11.992,-62.051,93.927,-24.021
-11.995,-62.069,93.87,-24.061
-11.998,-62.088,93.813,-24.1
-12.002,-62.106,93.755,-24.139
-12.005,-62.124,93.698,-24.178
-12.005,-62.124,93.698,-24.178
-12.008,-62.142,93.641,-24.217
-12.011,-62.16,93.583,-24.256
-12.015,-62.178,93.526,-24.296
-12.018,-62.197,93.469,-24.335
-12.018,-62.197,93.469,-24.335
-12.021,-62.215,93.411,-24.374
-12.024,-62.233,93.354,-24.413
-12.028,-62.251,93.296,-24.452
-12.031,-62.27,93.239,-24.492
-12.031,-62.27,93.239,-24.492
-12.034,-62.288,93.181,-24.531
-12.037,-62.307,93.123,-24.57
-12.04,-62.325,93.066,-24.609
-12.044,-62.343,93.008,-24.649
-12.044,-62.343,93.008,-24.649
-12.047,-62.362,92.95,-24.688
-12.05,-62.38,92.892,-24.727
-12.053,-62.399,92.835,-24.766
-12.056,-62.418,92.777,-24.806
-12.056,-62.418,92.777,-24.806
-12.06,-62.436,92.719,-24.845
-12.063,-62.455,92.661,-24.884
-12.066,-62.473,92.603,-24.923
-12.069,-62.492,92.545,-24.963
-12.069,-62.492,92.545,-24.963
-12.072,-62.511,92.487,-25.002
-12.076,-62.529,92.429,-25.041
-12.079,-62.548,92.371,-25.081
-12.082,-62.567,92.313,-25.12
-12.082,-62.567,92.313,-25.12
-12.085,-62.586,92.255,-25.159
-12.088,-62.605,92.197,-25.199
-12.091,-62.623,92.139,-25.238
-12.095,-62.642,92.081,-25.277
-12.095,-62.642,92.081,-25.277
-12.098,-62.661,92.022,-25.316
-12.101,-62.68,91.964,-25.356
-12.104,-62.699,91.906,-25.395
-12.107,-62.718,91.847,-25.434
-12.107,-62.718,91.847,-25.434
-12.11,-62.737,91.789,-25.474
-12.113,-62.756,91.731,-25.513
-12.116,-62.775,91.672,-25.553
-12.12,-62.794,91.614,-25.592
-12.12,-62.794,91.614,-25.592
-12.123,-62.814,91.555,-25.631
-12.126,-62.833,91.497,-25.671
-12.129,-62.852,91.438,-25.71
-12.132,-62.871,91.38,-25.749
-12.132,-62.871,91.38,-25.749
-12.135,-62.89,91.321,-25.789
-12.138,-62.91,91.262,-25.828
-12.141,-62.929,91.204,-25.868
-12.144,-62.948,91.145,-25.907
-12.144,-62.948,91.145,-25.907
-12.148,-62.967,91.086,-25.946
-12.151,-62.987,91.027,-25.986
-12.154,-63.006,90.968,-26.025
-12.157,-63.026,90.91,-26.065
-12.157,-63.026,90.91,-26.065
-12.16,-63.045,90.851,-26.104
-12.163,-63.065,90.792,-26.144
-12.166,-63.084,90.733,-26.183
-12.169,-63.104,90.674,-26.222
-12.169,-63.104,90.674,-26.222
-12.172,-63.123,90.615,-26.262
-12.175,-63.143,90.556,-26.301
-12.178,-63.162,90.497,-26.341
-12.181,-63.182,90.438,-26.38
-12.181,-63.182,90.438,-26.38
-12.184,-63.202,90.378,-26.42
-12.187,-63.221,90.319,-26.459
-12.19,-63.241,90.26,-26.499
-12.193,-63.261,90.201,-26.538
-12.193,-63.261,90.201,-26.538
-12.197,-63.281,90.141,-26.578
-12.2,-63.3,90.082,-26.617
-12.203,-63.32,90.023,-26.657
-12.206,-63.34,89.964,-26.696
-12.206,-63.34,89.964,-26.696
-12.209,-63.36,89.904,-26.736
-12.212,-63.38,89.845,-26.776
-12.215,-63.4,89.785,-26.815
-12.218,-63.42,89.726,-26.855
-12.218,-63.42,89.726,-26.855
-12.221,-63.44,89.666,-26.894
-12.224,-63.46,89.606,-26.934
-12.227,-63.48,89.547,-26.973
-12.23,-63.5,89.487,-27.013
-12.23,-63.5,89.487,-27.013
-12.233,-63.52,89.427,-27.053
-12.236,-63.54,89.368,-27.092
-12.239,-63.56,89.308,-27.132
-12.242,-63.58,89.248,-27.172
-12.242,-63.58,89.248,-27.172
-12.245,-63.601,89.188,-27.211
-12.248,-63.621,89.128,-27.251
-12.251,-63.641,89.068,-27.29
-12.254,-63.661,89.008,-27.33
-12.254,-63.661,89.008,-27.33
-12.256,-63.682,88.948,-27.37
-12.259,-63.702,88.888,-27.409
-12.262,-63.723,88.828,-27.449
-12.265,-63.743,88.768,-27.489
-12.265,-63.743,88.768,-27.489
-9.2595,-63.047,90.952,-26.001
-6.2536,-62.351,93.136,-24.514
-3.2477,-61.655,95.319,-23.026
-0.2418,-60.958,97.503,-21.539
-0.2418,-60.958,97.503,-21.539
-0.29627,-60.952,97.525,-21.523
-0.35074,-60.945,97.547,-21.508
-0.40521,-60.939,97.568,-21.493
-0.45968,-60.933,97.59,-21.477
-0.45968,-60.933,97.59,-21.477
-0.5143,-60.926,97.612,-21.462
-0.56891,-60.92,97.633,-21.447
-0.62352,-60.914,97.655,-21.432
-0.67813,-60.907,97.676,-21.417
-0.67813,-60.907,97.676,-21.417
-0.73286,-60.901,97.697,-21.402
-0.78759,-60.895,97.719,-21.387
-0.84231,-60.889,97.74,-21.372
-0.89704,-60.882,97.761,-21.357
-0.89704,-60.882,97.761,-21.357
-0.95188,-60.876,97.782,-21.342
-1.0067,-60.87,97.803,-21.327
-1.0616,-60.864,97.823,-21.313
-1.1164,-60.858,97.844,-21.298
-1.1164,-60.858,97.844,-21.298
-1.1714,-60.852,97.865,-21.284
-1.2263,-60.846,97.885,-21.269
-1.2813,-60.84,97.906,-21.255
-1.3362,-60.834,97.926,-21.24
-1.3362,-60.834,97.926,-21.24
-1.3913,-60.828,97.946,-21.226
-1.4464,-60.822,97.966,-21.212
-1.5014,-60.816,97.986,-21.197
-1.5565,-60.81,98.007,-21.183
-1.5565,-60.81,98.007,-21.183
-1.6117,-60.804,98.026,-21.169
-1.6668,-60.799,98.046,-21.155
-1.722,-60.793,98.066,-21.141
-1.7772,-60.787,98.086,-21.127
-1.7772,-60.787,98.086,-21.127
-1.8325,-60.781,98.105,-21.113
-1.8878,-60.776,98.124,-21.1
-1.9431,-60.77,98.144,-21.086
-1.9983,-60.764,98.163,-21.072
-1.9983,-60.764,98.163,-21.072
-2.0537,-60.759,98.182,-21.059
-2.1091,-60.753,98.201,-21.045
-2.1645,-60.748,98.221,-21.032
-2.2199,-60.742,98.24,-21.018
-2.2199,-60.742,98.24,-21.018
-2.2754,-60.737,98.258,-21.005
-2.3309,-60.731,98.277,-20.992
-2.3864,-60.726,98.296,-20.978
-2.4419,-60.72,98.314,-20.965
-2.4419,-60.72,98.314,-20.965
-2.4975,-60.715,98.333,-20.952
-2.5531,-60.71,98.351,-20.939
-2.6087,-60.704,98.37,-20.926
-2.6643,-60.699,98.388,-20.913
-2.6643,-60.699,98.388,-20.913
-2.72,-60.694,98.406,-20.9
-2.7757,-60.689,98.424,-20.887
-2.8314,-60.683,98.442,-20.875
-2.8872,-60.678,98.46,-20.862
-2.8872,-60.678,98.46,-20.862
-2.943,-60.673,98.478,-20.849
-2.9988,-60.668,98.495,-20.837
-3.0546,-60.663,98.513,-20.824
-3.1104,-60.658,98.531,-20.812
-3.1104,-60.658,98.531,-20.812
-3.1663,-60.653,98.548,-20.799
-3.2222,-60.648,98.565,-20.787
-3.2781,-60.643,98.583,-20.775
-3.3341,-60.638,98.6,-20.762
-3.3341,-60.638,98.6,-20.762
-3.3901,-60.633,98.617,-20.75
-3.4461,-60.628,98.634,-20.738
-3.5021,-60.623,98.651,-20.726
-3.5581,-60.618,98.668,-20.714
-3.5581,-60.618,98.668,-20.714
-3.6142,-60.613,98.685,-20.702
-3.6703,-60.608,98.701,-20.69
-3.7264,-60.604,98.718,-20.679
-3.7825,-60.599,98.734,-20.667
-3.7825,-60.599,98.734,-20.667
-3.8387,-60.594,98.751,-20.655
-3.8949,-60.59,98.767,-20.644
-3.9511,-60.585,98.783,-20.632
-4.0073,-60.58,98.8,-20.62
-4.0073,-60.58,98.8,-20.62
-4.0636,-60.576,98.815,-20.609
-4.1199,-60.571,98.831,-20.598
-4.1762,-60.566,98.847,-20.586
-4.2325,-60.562,98.863,-20.575
-4.2325,-60.562,98.863,-20.575
-4.2889,-60.557,98.879,-20.564
-4.3453,-60.553,98.894,-20.553
-4.4017,-60.548,98.91,-20.542
-4.4581,-60.544,98.925,-20.531
-4.4581,-60.544,98.925,-20.531
-4.5146,-60.54,98.941,-20.52
-4.5711,-60.535,98.956,-20.509
-4.6275,-60.531,98.971,-20.498
-4.684,-60.526,98.986,-20.487
-4.684,-60.526,98.986,-20.487
-4.7406,-60.522,99.001,-20.477
-4.7972,-60.518,99.016,-20.466
-4.8537,-60.514,99.031,-20.455
-4.9103,-60.509,99.046,-20.445
-4.9103,-60.509,99.046,-20.445
-4.967,-60.505,99.06,-20.434
-5.0236,-60.501,99.075,-20.424
-5.0803,-60.497,99.089,-20.414
-5.137,-60.493,99.104,-20.403
-5.137,-60.493,99.104,-20.403
-5.1937,-60.489,99.118,-20.393
-5.2505,-60.485,99.132,-20.383
-5.3072,-60.481,99.146,-20.373
-5.364,-60.477,99.161,-20.363
-5.364,-60.477,99.161,-20.363
-5.4208,-60.473,99.174,-20.353
-5.4776,-60.469,99.188,-20.343
-5.5345,-60.465,99.202,-20.333
-5.5913,-60.461,99.216,-20.323
-5.5913,-60.461,99.216,-20.323
-5.6482,-60.457,99.229,-20.314
-5.7051,-60.453,99.243,-20.304
-5.762,-60.449,99.256,-20.294
-5.8189,-60.446,99.27,-20.285
-5.8189,-60.446,99.27,-20.285
-5.876,-60.442,99.283,-20.275
-5.933,-60.438,99.296,-20.266
-5.99,-60.434,99.309,-20.257
-6.047,-60.431,99.322,-20.247
-6.047,-60.431,99.322,-20.247
-6.104,-60.427,99.335,-20.238
-6.1611,-60.423,99.348,-20.229
-6.2182,-60.42,99.36,-20.22
-6.2753,-60.416,99.373,-20.211
-6.2753,-60.416,99.373,-20.211
-6.3324,-60.413,99.385,-20.202
-6.3896,-60.409,99.398,-20.193
-6.4467,-60.406,99.41,-20.184
-6.5039,-60.402,99.423,-20.175
-6.5039,-60.402,99.423,-20.175
-6.5611,-60.399,99.435,-20.167
-6.6184,-60.395,99.447,-20.158
-6.6756,-60.392,99.459,-20.149
-6.7328,-60.388,99.471,-20.141
-6.7328,-60.388,99.471,-20.141
-6.7901,-60.385,99.483,-20.132
-6.8475,-60.382,99.494,-20.124
-6.9048,-60.378,99.506,-20.116
-6.9621,-60.375,99.518,-20.107
-6.9621,-60.375,99.518,-20.107
-7.0195,-60.372,99.529,-20.099
-7.0768,-60.369,99.54,-20.091
-7.1342,-60.365,99.552,-20.083
-7.1916,-60.362,99.563,-20.075
-7.1916,-60.362,99.563,-20.075
-7.2491,-60.359,99.574,-20.067
-7.3065,-60.356,99.585,-20.059
-7.364,-60.353,99.596,-20.051
-7.4214,-60.35,99.607,-20.043
-7.4214,-60.35,99.607,-20.043
-7.4789,-60.347,99.618,-20.036
-7.5365,-60.344,99.628,-20.028
-7.594,-60.341,99.639,-20.02
-7.6515,-60.338,99.65,-20.013
-7.6515,-60.338,99.65,-20.013
-7.7091,-60.335,99.66,-20.005
-7.7667,-60.332,99.67,-19.998
-7.8243,-60.329,99.68,-19.991
-7.8819,-60.326,99.691,-19.983
-7.8819,-60.326,99.691,-19.983
-7.9395,-60.323,99.701,-19.976
-7.9972,-60.321,99.711,-19.969
-8.0549,-60.318,99.72,-19.962
-8.1125,-60.315,99.73,-19.955
-8.1125,-60.315,99.73,-19.955
-8.1703,-60.312,99.74,-19.948
-8.228,-60.31,99.75,-19.941
-8.2857,-60.307,99.759,-19.934
-8.3434,-60.304,99.769,-19.927
-8.3434,-60.304,99.769,-19.927
-8.4012,-60.302,99.778,-19.92
-8.459,-60.299,99.787,-19.914
-8.5168,-60.296,99.796,-19.907
-8.5746,-60.294,99.806,-19.901
-8.5746,-60.294,99.806,-19.901
-8.6324,-60.291,99.814,-19.894
-8.6903,-60.289,99.823,-19.888
-8.7481,-60.286,99.832,-19.881
-8.806,-60.284,99.841,-19.875
-8.806,-60.284,99.841,-19.875
-8.8639,-60.281,99.85,-19.869
-8.9218,-60.279,99.858,-19.863
-8.9797,-60.277,99.867,-19.857
-9.0376,-60.274,99.875,-19.851
-9.0376,-60.274,99.875,-19.851
-9.0956,-60.272,99.883,-19.845
-9.1535,-60.27,99.891,-19.839
-9.2115,-60.267,99.9,-19.833
-9.2695,-60.265,99.908,-19.827
-9.2695,-60.265,99.908,-19.827
-9.3275,-60.263,99.916,-19.822
-9.3855,-60.261,99.923,-19.816
-9.4435,-60.259,99.931,-19.81
-9.5015,-60.256,99.939,-19.805
-9.5015,-60.256,99.939,-19.805
-9.5596,-60.254,99.946,-19.799
-9.6177,-60.252,99.954,-19.794
-9.6758,-60.25,99.961,-19.789
-9.7339,-60.248,99.969,-19.783
-9.7339,-60.248,99.969,-19.783
-9.792,-60.246,99.976,-19.778
-9.8501,-60.244,99.983,-19.773
-9.9082,-60.242,99.99,-19.768
-9.9663,-60.24,99.997,-19.763
-9.9663,-60.24,99.997,-19.763
-10.025,-60.238,100,-19.758
-10.083,-60.236,100.01,-19.753
-10.141,-60.234,100.02,-19.748
-10.199,-60.232,100.02,-19.743
-10.199,-60.232,100.02,-19.743
-10.257,-60.231,100.03,-19.739
-10.316,-60.229,100.04,-19.734
-10.374,-60.227,100.04,-19.73
-10.432,-60.225,100.05,-19.725
-10.432,-60.225,100.05,-19.725
-10.49,-60.224,100.06,-19.721
-10.548,-60.222,100.06,-19.716
-10.607,-60.22,100.07,-19.712
-10.665,-60.219,100.07,-19.708
-10.665,-60.219,100.07,-19.708
-10.723,-60.217,100.08,-19.703
-10.782,-60.215,100.09,-19.699
-10.84,-60.214,100.09,-19.695
-10.898,-60.212,100.1,-19.691
-10.898,-60.212,100.1,-19.691
-10.957,-60.211,100.1,-19.687
-11.015,-60.209,100.11,-19.683
-11.073,-60.208,100.11,-19.68
-11.132,-60.206,100.12,-19.676
-11.132,-60.206,100.12,-19.676
-11.19,-60.205,100.12,-19.672
-11.249,-60.203,100.13,-19.669
-11.307,-60.202,100.13,-19.665
-11.365,-60.201,100.14,-19.661
-11.365,-60.201,100.14,-19.661
-11.424,-60.199,100.14,-19.658
-11.482,-60.198,100.15,-19.655
-11.541,-60.197,100.15,-19.652
-11.599,-60.196,100.16,-19.648
-11.599,-60.196,100.16,-19.648
-11.658,-60.194,100.16,-19.645
-11.716,-60.193,100.16,-19.642
-11.775,-60.192,100.17,-19.639
-11.833,-60.191,100.17,-19.636
-11.833,-60.191,100.17,-19.636
-11.891,-60.19,100.18,-19.633
-11.95,-60.189,100.18,-19.63
-12.009,-60.188,100.19,-19.627
-12.067,-60.186,100.19,-19.625
-12.067,-60.186,100.19,-19.625
-12.126,-60.185,100.19,-19.622
-12.184,-60.184,100.2,-19.619
-12.243,-60.183,100.2,-19.617
-12.301,-60.182,100.2,-19.614
-12.301,-60.182,100.2,-19.614
-12.36,-60.182,100.21,-19.612
-12.418,-60.181,100.21,-19.61
-12.477,-60.18,100.21,-19.607
-12.535,-60.179,100.22,-19.605
-12.535,-60.179,100.22,-19.605
-12.594,-60.178,100.22,-19.603
-12.653,-60.177,100.22,-19.601
-12.711,-60.177,100.22,-19.599
-12.77,-60.176,100.23,-19.597
-12.77,-60.176,100.23,-19.597
-12.829,-60.175,100.23,-19.595
-12.887,-60.174,100.23,-19.593
-12.946,-60.174,100.23,-19.592
-13.004,-60.173,100.24,-19.59
-13.004,-60.173,100.24,-19.59
-13.063,-60.172,100.24,-19.588
-13.122,-60.172,100.24,-19.587
-13.18,-60.171,100.24,-19.585
-13.239,-60.171,100.25,-19.584
-13.239,-60.171,100.25,-19.584
-13.298,-60.17,100.25,-19.582
-13.356,-60.17,100.25,-19.581
-13.415,-60.169,100.25,-19.58
-13.474,-60.169,100.25,-19.579
-13.474,-60.169,100.25,-19.579
-13.532,-60.168,100.25,-19.577
-13.591,-60.168,100.26,-19.576
-13.65,-60.167,100.26,-19.575
-13.709,-60.167,100.26,-19.574
-13.709,-60.167,100.26,-19.574
-13.767,-60.167,100.26,-19.574
-13.826,-60.166,100.26,-19.573
-13.885,-60.166,100.26,-19.572
-13.943,-60.166,100.26,-19.571
-13.943,-60.166,100.26,-19.571
-14.002,-60.166,100.26,-19.571
-14.061,-60.165,100.26,-19.57
-14.12,-60.165,100.26,-19.57
-14.178,-60.165,100.27,-19.569
-14.178,-60.165,100.27,-19.569
-14.237,-60.165,100.27,-19.569
-14.296,-60.165,100.27,-19.569
-14.355,-60.165,100.27,-19.568
-14.413,-60.165,100.27,-19.568
-14.413,-60.165,100.27,-19.568
-14.472,-60.165,100.27,-19.568
-14.531,-60.165,100.27,-19.568
-14.59,-60.165,100.27,-19.568
-14.648,-60.165,100.27,-19.568
-14.648,-60.165,100.27,-19.568
-14.707,-60.165,100.27,-19.569
-14.766,-60.165,100.27,-19.569
-14.825,-60.165,100.27,-19.569
-14.884,-60.165,100.27,-19.569
-14.884,-60.165,100.27,-19.569
-14.942,-60.165,100.26,-19.57
-15.001,-60.165,100.26,-19.57
-15.06,-60.166,100.26,-19.571
-15.119,-60.166,100.26,-19.571
-15.119,-60.166,100.26,-19.571
-15.177,-60.166,100.26,-19.572
-15.236,-60.166,100.26,-19.573
-15.295,-60.167,100.26,-19.574
-15.354,-60.167,100.26,-19.574
-15.354,-60.167,100.26,-19.574
-15.413,-60.167,100.26,-19.575
-15.471,-60.168,100.26,-19.576
-15.53,-60.168,100.25,-19.577
-15.589,-60.169,100.25,-19.579
-15.589,-60.169,100.25,-19.579
-15.648,-60.169,100.25,-19.58
-15.707,-60.17,100.25,-19.581
-15.765,-60.17,100.25,-19.582
-15.824,-60.171,100.25,-19.584
-15.824,-60.171,100.25,-19.584
-15.883,-60.171,100.24,-19.585
-15.942,-60.172,100.24,-19.587
-16.001,-60.172,100.24,-19.588
-16.059,-60.173,100.24,-19.59
-16.059,-60.173,100.24,-19.59
-16.118,-60.174,100.23,-19.592
-16.177,-60.174,100.23,-19.593
-16.236,-60.175,100.23,-19.595
-16.295,-60.176,100.23,-19.597
-16.295,-60.176,100.23,-19.597
-16.353,-60.177,100.22,-19.599
-16.412,-60.177,100.22,-19.601
-16.471,-60.178,100.22,-19.603
-16.53,-60.179,100.22,-19.605
-16.53,-60.179,100.22,-19.605
-16.589,-60.18,100.21,-19.607
-16.647,-60.181,100.21,-19.61
-16.706,-60.182,100.21,-19.612
-16.765,-60.182,100.2,-19.614
-16.765,-60.182,100.2,-19.614
-16.824,-60.183,100.2,-19.617
-16.883,-60.184,100.2,-19.619
-16.941,-60.185,100.19,-19.622
-17,-60.186,100.19,-19.625
-17,-60.186,100.19,-19.625
-17.059,-60.188,100.19,-19.627
-17.118,-60.189,100.18,-19.63
-17.177,-60.19,100.18,-19.633
-17.235,-60.191,100.17,-19.636
-17.235,-60.191,100.17,-19.636
-17.294,-60.192,100.17,-19.639
-17.353,-60.193,100.16,-19.642
-17.412,-60.194,100.16,-19.645
-17.47,-60.196,100.16,-19.648
-17.47,-60.196,100.16,-19.648
-17.529,-60.197,100.15,-19.652
-17.588,-60.198,100.15,-19.655
-17.647,-60.199,100.14,-19.658
-17.705,-60.201,100.14,-19.661
-17.705,-60.201,100.14,-19.661
-17.764,-60.202,100.13,-19.665
-17.823,-60.203,100.13,-19.669
-17.882,-60.205,100.12,-19.672
-17.94,-60.206,100.12,-19.676
-17.94,-60.206,100.12,-19.676
-17.999,-60.208,100.11,-19.68
-18.058,-60.209,100.11,-19.683
-18.117,-60.211,100.1,-19.687
-18.175,-60.212,100.1,-19.691
-18.175,-60.212,100.1,-19.691
-18.234,-60.214,100.09,-19.695
-18.293,-60.215,100.09,-19.699
-18.351,-60.217,100.08,-19.703
-18.41,-60.219,100.07,-19.708
-18.41,-60.219,100.07,-19.708
-18.469,-60.22,100.07,-19.712
-18.528,-60.222,100.06,-19.716
-18.586,-60.224,100.06,-19.721
-18.645,-60.225,100.05,-19.725
-18.645,-60.225,100.05,-19.725
-18.704,-60.227,100.04,-19.73
-18.762,-60.229,100.04,-19.734
-18.821,-60.231,100.03,-19.739
-18.88,-60.232,100.02,-19.743
-18.88,-60.232,100.02,-19.743
-18.938,-60.234,100.02,-19.748
-18.997,-60.236,100.01,-19.753
-19.056,-60.238,100,-19.758
-19.114,-60.24,99.997,-19.763
-19.114,-60.24,99.997,-19.763
-19.173,-60.242,99.99,-19.768
-19.231,-60.244,99.983,-19.773
-19.29,-60.246,99.976,-19.778
-19.349,-60.248,99.969,-19.783
-19.349,-60.248,99.969,-19.783
-19.407,-60.25,99.961,-19.789
-19.466,-60.252,99.954,-19.794
-19.524,-60.254,99.946,-19.799
-19.583,-60.256,99.939,-19.805
-19.583,-60.256,99.939,-19.805
-19.642,-60.259,99.931,-19.81
-19.7,-60.261,99.923,-19.816
-19.759,-60.263,99.916,-19.822
-19.817,-60.265,99.908,-19.827
-19.817,-60.265,99.908,-19.827
-19.876,-60.267,99.9,-19.833
-19.934,-60.27,99.891,-19.839
-19.993,-60.272,99.883,-19.845
-20.051,-60.274,99.875,-19.851
-20.051,-60.274,99.875,-19.851
-20.11,-60.277,99.867,-19.857
-20.168,-60.279,99.858,-19.863
-20.227,-60.281,99.85,-19.869
-20.285,-60.284,99.841,-19.875
-20.285,-60.284,99.841,-19.875
-20.344,-60.286,99.832,-19.881
-20.402,-60.289,99.823,-19.888
-20.461,-60.291,99.814,-19.894
-20.519,-60.294,99.806,-19.901
-20.519,-60.294,99.806,-19.901
-20.578,-60.296,99.796,-19.907
-20.636,-60.299,99.787,-19.914
-20.694,-60.302,99.778,-19.92
-20.753,-60.304,99.769,-19.927
-20.753,-60.304,99.769,-19.927
-20.811,-60.307,99.759,-19.934
-20.87,-60.31,99.75,-19.941
-20.928,-60.312,99.74,-19.948
-20.986,-60.315,99.73,-19.955
-20.986,-60.315,99.73,-19.955
-21.045,-60.318,99.72,-19.962
-21.103,-60.321,99.711,-19.969
-21.161,-60.323,99.701,-19.976
-21.22,-60.326,99.691,-19.983
-21.22,-60.326,99.691,-19.983
-21.278,-60.329,99.68,-19.991
-21.336,-60.332,99.67,-19.998
-21.395,-60.335,99.66,-20.005
-21.453,-60.338,99.65,-20.013
-21.453,-60.338,99.65,-20.013
-21.511,-60.341,99.639,-20.02
-21.569,-60.344,99.628,-20.028
-21.628,-60.347,99.618,-20.036
-21.686,-60.35,99.607,-20.043
-21.686,-60.35,99.607,-20.043
-21.744,-60.353,99.596,-20.051
-21.802,-60.356,99.585,-20.059
-21.861,-60.359,99.574,-20.067
-21.919,-60.362,99.563,-20.075
-21.919,-60.362,99.563,-20.075
-21.977,-60.365,99.552,-20.083
-22.035,-60.369,99.54,-20.091
-22.093,-60.372,99.529,-20.099
-22.151,-60.375,99.518,-20.107
-22.151,-60.375,99.518,-20.107
-22.209,-60.378,99.506,-20.116
-22.268,-60.382,99.494,-20.124
-22.326,-60.385,99.483,-20.132
-22.384,-60.388,99.471,-20.141
-22.384,-60.388,99.471,-20.141
-22.442,-60.392,99.459,-20.149
-22.5,-60.395,99.447,-20.158
-22.558,-60.399,99.435,-20.167
-22.616,-60.402,99.423,-20.175
-22.616,-60.402,99.423,-20.175
-22.674,-60.406,99.41,-20.184
-22.732,-60.409,99.398,-20.193
-22.79,-60.413,99.385,-20.202
-22.848,-60.416,99.373,-20.211
-22.848,-60.416,99.373,-20.211
-22.906,-60.42,99.36,-20.22
-22.964,-60.423,99.348,-20.229
-23.022,-60.427,99.335,-20.238
-23.08,-60.431,99.322,-20.247
-23.08,-60.431,99.322,-20.247
-23.138,-60.434,99.309,-20.257
-23.196,-60.438,99.296,-20.266
-23.253,-60.442,99.283,-20.275
-23.311,-60.446,99.27,-20.285
