-0.65364,-61.614,95.331,-23.055
-0.65364,-61.614,95.331,-23.055
-0.71251,-61.607,95.355,-23.039
-0.77139,-61.599,95.379,-23.022
-0.83027,-61.592,95.403,-23.005
-0.88914,-61.584,95.427,-22.988
-0.88914,-61.584,95.427,-22.988
-0.9481,-61.577,95.451,-22.972
-1.007,-61.57,95.474,-22.956
-1.066,-61.563,95.498,-22.939
-1.1249,-61.555,95.522,-22.923
-1.1249,-61.555,95.522,-22.923
-1.184,-61.548,95.545,-22.907
-1.2431,-61.541,95.568,-22.891
-1.3022,-61.534,95.591,-22.875
-1.3613,-61.527,95.614,-22.859
-1.3613,-61.527,95.614,-22.859
-1.4205,-61.52,95.637,-22.843
-1.4797,-61.513,95.66,-22.827
-1.5389,-61.506,95.682,-22.812
-1.5981,-61.499,95.705,-22.796
-1.5981,-61.499,95.705,-22.796
-1.6575,-61.492,95.727,-22.78
-1.7168,-61.485,95.75,-22.765
-1.7762,-61.479,95.772,-22.749
-1.8355,-61.472,95.794,-22.734
-1.8355,-61.472,95.794,-22.734
-1.895,-61.465,95.816,-22.719
-1.9544,-61.459,95.838,-22.703
-2.0139,-61.452,95.86,-22.688
-2.0734,-61.445,95.882,-22.673
-2.0734,-61.445,95.882,-22.673
-2.133,-61.439,95.903,-22.658
-2.1926,-61.432,95.925,-22.643
-2.2521,-61.426,95.946,-22.628
-2.3117,-61.419,95.967,-22.613
-2.3117,-61.419,95.967,-22.613
-2.3714,-61.413,95.989,-22.599
-2.4312,-61.406,96.01,-22.584
-2.4909,-61.4,96.031,-22.57
-2.5506,-61.393,96.052,-22.555
-2.5506,-61.393,96.052,-22.555
-2.6104,-61.387,96.072,-22.541
-2.6703,-61.381,96.093,-22.526
-2.7301,-61.375,96.113,-22.512
-2.7899,-61.368,96.134,-22.498
-2.7899,-61.368,96.134,-22.498
-2.8499,-61.362,96.154,-22.483
-2.9098,-61.356,96.174,-22.469
-2.9698,-61.35,96.195,-22.455
-3.0297,-61.344,96.215,-22.441
-3.0297,-61.344,96.215,-22.441
-3.0898,-61.338,96.234,-22.428
-3.1499,-61.332,96.254,-22.414
-3.2099,-61.326,96.274,-22.4
-3.27,-61.32,96.294,-22.386
-3.27,-61.32,96.294,-22.386
-3.3302,-61.314,96.313,-22.373
-3.3904,-61.308,96.332,-22.359
-3.4506,-61.303,96.352,-22.346
-3.5108,-61.297,96.371,-22.332
-3.5108,-61.297,96.371,-22.332
-3.5711,-61.291,96.39,-22.319
-3.6314,-61.285,96.409,-22.306
-3.6917,-61.28,96.428,-22.293
-3.7519,-61.274,96.447,-22.28
-3.7519,-61.274,96.447,-22.28
-3.8124,-61.268,96.465,-22.267
-3.8728,-61.263,96.484,-22.254
-3.9332,-61.257,96.502,-22.241
-3.9936,-61.252,96.521,-22.228
-3.9936,-61.252,96.521,-22.228
-4.0541,-61.246,96.539,-22.215
-4.1146,-61.241,96.557,-22.203
-4.1752,-61.235,96.575,-22.19
-4.2357,-61.23,96.593,-22.177
-4.2357,-61.23,96.593,-22.177
-4.2963,-61.225,96.61,-22.165
-4.3569,-61.219,96.628,-22.153
-4.4176,-61.214,96.646,-22.14
-4.4782,-61.209,96.663,-22.128
-4.4782,-61.209,96.663,-22.128
-4.5389,-61.203,96.68,-22.116
-4.5997,-61.198,96.698,-22.104
-4.6604,-61.193,96.715,-22.092
-4.7211,-61.188,96.732,-22.08
-4.7211,-61.188,96.732,-22.08
-4.782,-61.183,96.749,-22.068
-4.8428,-61.178,96.766,-22.057
-4.9037,-61.173,96.782,-22.045
-4.9645,-61.168,96.799,-22.033
-4.9645,-61.168,96.799,-22.033
-5.0254,-61.163,96.815,-22.022
-5.0864,-61.158,96.832,-22.01
-5.1473,-61.153,96.848,-21.999
-5.2083,-61.148,96.865,-21.987
-5.2083,-61.148,96.865,-21.987
-5.2693,-61.143,96.88,-21.976
-5.3303,-61.139,96.896,-21.965
-5.3914,-61.134,96.912,-21.954
-5.4524,-61.129,96.928,-21.943
-5.4524,-61.129,96.928,-21.943
-5.5136,-61.125,96.944,-21.932
-5.5747,-61.12,96.959,-21.921
-5.6358,-61.115,96.975,-21.91
-5.697,-61.111,96.99,-21.899
-5.697,-61.111,96.99,-21.899
-5.7582,-61.106,97.005,-21.889
-5.8195,-61.102,97.02,-21.878
-5.8807,-61.097,97.035,-21.867
-5.9419,-61.093,97.05,-21.857
-5.9419,-61.093,97.05,-21.857
-6.0033,-61.088,97.065,-21.847
-6.0646,-61.084,97.08,-21.836
-6.1259,-61.08,97.094,-21.826
-6.1872,-61.075,97.109,-21.816
-6.1872,-61.075,97.109,-21.816
-6.2487,-61.071,97.123,-21.806
-6.3101,-61.067,97.137,-21.796
-6.3715,-61.063,97.152,-21.786
-6.4329,-61.058,97.166,-21.776
-6.4329,-61.058,97.166,-21.776
-6.4944,-61.054,97.18,-21.766
-6.5559,-61.05,97.193,-21.756
-6.6174,-61.046,97.207,-21.747
-6.679,-61.042,97.221,-21.737
-6.679,-61.042,97.221,-21.737
-6.7406,-61.038,97.234,-21.728
-6.8022,-61.034,97.248,-21.718
-6.8638,-61.03,97.261,-21.709
-6.9254,-61.026,97.274,-21.699
-6.9254,-61.026,97.274,-21.699
-6.987,-61.022,97.287,-21.69
-7.0487,-61.018,97.3,-21.681
-7.1104,-61.015,97.313,-21.672
-7.1721,-61.011,97.326,-21.663
-7.1721,-61.011,97.326,-21.663
-7.2339,-61.007,97.339,-21.654
-7.2956,-61.003,97.351,-21.645
-7.3574,-61,97.364,-21.637
-7.4192,-60.996,97.376,-21.628
-7.4192,-60.996,97.376,-21.628
-7.481,-60.992,97.388,-21.619
-7.5429,-60.989,97.4,-21.611
-7.6047,-60.985,97.412,-21.602
-7.6666,-60.982,97.425,-21.594
-7.6666,-60.982,97.425,-21.594
-7.7285,-60.978,97.436,-21.586
-7.7904,-60.975,97.448,-21.577
-7.8523,-60.971,97.46,-21.569
-7.9143,-60.968,97.471,-21.561
-7.9143,-60.968,97.471,-21.561
-7.9763,-60.964,97.482,-21.553
-8.0383,-60.961,97.494,-21.545
-8.1003,-60.958,97.505,-21.537
-8.1623,-60.954,97.516,-21.529
-8.1623,-60.954,97.516,-21.529
-8.2244,-60.951,97.527,-21.522
-8.2864,-60.948,97.538,-21.514
-8.3485,-60.945,97.548,-21.507
-8.4106,-60.942,97.559,-21.499
-8.4106,-60.942,97.559,-21.499
-8.4727,-60.939,97.57,-21.492
-8.5349,-60.936,97.58,-21.484
-8.5971,-60.933,97.59,-21.477
-8.6592,-60.929,97.601,-21.47
-8.6592,-60.929,97.601,-21.47
-8.7214,-60.927,97.611,-21.463
-8.7836,-60.924,97.621,-21.456
-8.8459,-60.921,97.631,-21.449
-8.9081,-60.918,97.64,-21.442
-8.9081,-60.918,97.64,-21.442
-8.9174,-60.947,97.543,-21.51
-8.9268,-60.975,97.446,-21.579
-8.9361,-61.004,97.348,-21.648
-8.9455,-61.033,97.251,-21.716
-8.9455,-61.033,97.251,-21.716
-8.9547,-61.062,97.153,-21.785
-8.964,-61.091,97.055,-21.853
-8.9732,-61.121,96.958,-21.922
-8.9825,-61.15,96.86,-21.991
-8.9825,-61.15,96.86,-21.991
-8.9917,-61.179,96.762,-22.059
-9.0008,-61.209,96.664,-22.128
-9.01,-61.238,96.565,-22.196
-9.0192,-61.268,96.467,-22.265
-9.0192,-61.268,96.467,-22.265
-9.0283,-61.297,96.369,-22.334
-9.0374,-61.327,96.27,-22.402
-9.0465,-61.357,96.172,-22.471
-9.0555,-61.387,96.073,-22.54
-9.0555,-61.387,96.073,-22.54
-9.0646,-61.417,95.975,-22.608
-9.0736,-61.447,95.876,-22.677
-9.0826,-61.477,95.777,-22.746
-9.0916,-61.507,95.678,-22.815
-9.0916,-61.507,95.678,-22.815
-9.1006,-61.538,95.579,-22.883
-9.1095,-61.568,95.48,-22.952
-9.1184,-61.599,95.381,-23.021
-9.1274,-61.629,95.281,-23.089
-9.1274,-61.629,95.281,-23.089
-9.1362,-61.66,95.182,-23.158
-9.1451,-61.691,95.082,-23.227
-9.154,-61.722,94.983,-23.296
-9.1628,-61.752,94.883,-23.365
-9.1628,-61.752,94.883,-23.365
-9.1716,-61.783,94.783,-23.433
-9.1804,-61.815,94.683,-23.502
-9.1892,-61.846,94.583,-23.571
-9.198,-61.877,94.483,-23.64
-9.198,-61.877,94.483,-23.64
-9.2067,-61.908,94.383,-23.709
-9.2154,-61.94,94.283,-23.777
-9.2241,-61.971,94.183,-23.846
-9.2328,-62.003,94.082,-23.915
-9.2328,-62.003,94.082,-23.915
-9.2415,-62.034,93.982,-23.984
-9.2501,-62.066,93.881,-24.053
-9.2588,-62.098,93.78,-24.122
-9.2674,-62.13,93.68,-24.191
-9.2674,-62.13,93.68,-24.191
-9.276,-62.162,93.579,-24.26
-9.2845,-62.194,93.477,-24.329
-9.2931,-62.226,93.376,-24.398
-9.3017,-62.258,93.275,-24.467
-9.3017,-62.258,93.275,-24.467
-9.3102,-62.29,93.174,-24.536
-9.3187,-62.323,93.072,-24.605
-9.3272,-62.355,92.971,-24.674
-9.3357,-62.388,92.87,-24.743
-9.3357,-62.388,92.87,-24.743
-9.3441,-62.42,92.768,-24.812
-9.3525,-62.453,92.666,-24.881
-9.361,-62.486,92.564,-24.95
-9.3694,-62.519,92.462,-25.019
-9.3694,-62.519,92.462,-25.019
-9.3778,-62.552,92.36,-25.088
-9.3861,-62.585,92.258,-25.157
-9.3945,-62.618,92.156,-25.226
-9.4028,-62.651,92.053,-25.295
-9.4028,-62.651,92.053,-25.295
-9.4111,-62.685,91.951,-25.365
-9.4194,-62.718,91.848,-25.434
-9.4277,-62.751,91.746,-25.503
-9.436,-62.785,91.643,-25.572
-9.436,-62.785,91.643,-25.572
-9.4442,-62.819,91.54,-25.642
-9.4524,-62.852,91.437,-25.711
-9.4607,-62.886,91.334,-25.78
-9.4689,-62.92,91.231,-25.849
-9.4689,-62.92,91.231,-25.849
-9.477,-62.954,91.127,-25.919
-9.4852,-62.988,91.024,-25.988
-9.4934,-63.022,90.921,-26.057
-9.5015,-63.056,90.817,-26.127
-9.5015,-63.056,90.817,-26.127
-9.5096,-63.091,90.713,-26.196
-9.5177,-63.125,90.609,-26.266
-9.5258,-63.159,90.506,-26.335
-9.5339,-63.194,90.402,-26.404
-9.5339,-63.194,90.402,-26.404
-9.5419,-63.229,90.297,-26.474
-9.5499,-63.263,90.193,-26.543
-9.558,-63.298,90.089,-26.613
-9.566,-63.333,89.985,-26.682
-9.566,-63.333,89.985,-26.682
-9.5739,-63.368,89.88,-26.752
-9.5819,-63.403,89.775,-26.822
-9.5899,-63.438,89.67,-26.891
-9.5978,-63.473,89.566,-26.961
-9.5978,-63.473,89.566,-26.961
-9.6057,-63.509,89.461,-27.031
-9.6136,-63.544,89.356,-27.1
-9.6215,-63.58,89.25,-27.17
-9.6294,-63.615,89.145,-27.24
-9.6294,-63.615,89.145,-27.24
-9.6372,-63.651,89.04,-27.309
-9.6451,-63.687,88.934,-27.379
-9.6529,-63.723,88.829,-27.449
-9.6607,-63.758,88.723,-27.519
-9.6607,-63.758,88.723,-27.519
-9.6685,-63.794,88.617,-27.589
-9.6763,-63.831,88.511,-27.658
-9.6841,-63.867,88.405,-27.728
-9.6918,-63.903,88.299,-27.798
-9.6918,-63.903,88.299,-27.798
-9.6995,-63.939,88.192,-27.868
-9.7072,-63.976,88.086,-27.938
-9.715,-64.012,87.979,-28.008
-9.7227,-64.049,87.873,-28.078
-9.7227,-64.049,87.873,-28.078
-9.7303,-64.086,87.766,-28.148
-9.738,-64.122,87.659,-28.218
-9.7456,-64.159,87.552,-28.288
-9.7533,-64.196,87.445,-28.359
-9.7533,-64.196,87.445,-28.359
-9.7609,-64.233,87.338,-28.429
-9.7684,-64.27,87.231,-28.499
-9.776,-64.308,87.123,-28.569
-9.7836,-64.345,87.016,-28.639
-9.7836,-64.345,87.016,-28.639
-9.7912,-64.382,86.908,-28.71
-9.7987,-64.42,86.8,-28.78
-9.8062,-64.457,86.692,-28.85
-9.8137,-64.495,86.584,-28.921
-9.8137,-64.495,86.584,-28.921
-9.8212,-64.533,86.476,-28.991
-9.8287,-64.571,86.368,-29.062
-9.8362,-64.609,86.259,-29.132
-9.8436,-64.646,86.151,-29.203
-9.8436,-64.646,86.151,-29.203
-9.8511,-64.685,86.042,-29.273
-9.8585,-64.723,85.933,-29.344
-9.8659,-64.761,85.825,-29.414
-9.8733,-64.799,85.716,-29.485
-9.8733,-64.799,85.716,-29.485
-9.8806,-64.838,85.607,-29.556
-9.888,-64.877,85.497,-29.626
-9.8954,-64.915,85.388,-29.697
-9.9027,-64.954,85.279,-29.768
-9.9027,-64.954,85.279,-29.768
-9.91,-64.993,85.169,-29.838
-9.9173,-65.032,85.059,-29.909
-9.9246,-65.071,84.949,-29.98
-9.9319,-65.11,84.839,-30.051
-9.9319,-65.11,84.839,-30.051
-9.9392,-65.149,84.729,-30.122
-9.9464,-65.188,84.619,-30.193
-9.9536,-65.227,84.509,-30.264
-9.9609,-65.267,84.398,-30.335
-9.9609,-65.267,84.398,-30.335
-9.9681,-65.306,84.287,-30.406
-9.9753,-65.346,84.177,-30.477
-9.9825,-65.386,84.066,-30.548
-9.9897,-65.426,83.955,-30.619
-9.9897,-65.426,83.955,-30.619
-9.9968,-65.466,83.844,-30.691
-10.004,-65.506,83.732,-30.762
-10.011,-65.546,83.621,-30.833
-10.018,-65.586,83.51,-30.905
-10.018,-65.586,83.51,-30.905
-9.9639,-65.589,83.5,-30.911
-9.9096,-65.593,83.49,-30.917
-9.8553,-65.596,83.48,-30.924
-9.801,-65.6,83.47,-30.93
-9.801,-65.6,83.47,-30.93
-9.7467,-65.604,83.46,-30.937
-9.6924,-65.608,83.449,-30.943
-9.6382,-65.611,83.439,-30.95
-9.5839,-65.615,83.429,-30.956
-9.5839,-65.615,83.429,-30.956
-9.5297,-65.619,83.418,-30.963
-9.4755,-65.623,83.407,-30.97
-9.4212,-65.627,83.396,-30.977
-9.367,-65.631,83.386,-30.984
-9.367,-65.631,83.386,-30.984
-9.3129,-65.635,83.374,-30.991
-9.2587,-65.639,83.363,-30.998
-9.2045,-65.643,83.352,-31.005
-9.1504,-65.647,83.341,-31.013
-9.1504,-65.647,83.341,-31.013
-9.0962,-65.651,83.329,-31.02
-9.0421,-65.655,83.317,-31.027
-8.988,-65.659,83.306,-31.035
-8.9339,-65.664,83.294,-31.042
-8.9339,-65.664,83.294,-31.042
-8.8798,-65.668,83.282,-31.05
-8.8258,-65.672,83.27,-31.058
-8.7717,-65.677,83.258,-31.065
-8.7176,-65.681,83.246,-31.073
-8.7176,-65.681,83.246,-31.073
-8.6636,-65.686,83.233,-31.081
-8.6096,-65.69,83.221,-31.089
-8.5556,-65.695,83.208,-31.097
-8.5016,-65.699,83.196,-31.105
-8.5016,-65.699,83.196,-31.105
-8.4477,-65.704,83.183,-31.113
-8.3937,-65.708,83.17,-31.122
-8.3397,-65.713,83.157,-31.13
-8.2858,-65.718,83.144,-31.138
-8.2858,-65.718,83.144,-31.138
-8.2319,-65.723,83.131,-31.147
-8.178,-65.727,83.117,-31.155
-8.1241,-65.732,83.104,-31.164
-8.0702,-65.737,83.091,-31.172
-8.0702,-65.737,83.091,-31.172
-8.0164,-65.742,83.077,-31.181
-7.9625,-65.747,83.063,-31.19
-7.9087,-65.752,83.049,-31.198
-7.8549,-65.757,83.036,-31.207
-7.8549,-65.757,83.036,-31.207
-7.8011,-65.762,83.021,-31.216
-7.7473,-65.767,83.007,-31.225
-7.6935,-65.773,82.993,-31.234
-7.6397,-65.778,82.979,-31.244
-7.6397,-65.778,82.979,-31.244
-7.586,-65.783,82.964,-31.253
-7.5323,-65.788,82.949,-31.262
-7.4786,-65.794,82.935,-31.272
-7.4249,-65.799,82.92,-31.281
-7.4249,-65.799,82.92,-31.281
-7.3712,-65.804,82.905,-31.29
-7.3176,-65.81,82.89,-31.3
-7.2639,-65.815,82.875,-31.31
-7.2103,-65.821,82.86,-31.319
-7.2103,-65.821,82.86,-31.319
-7.1567,-65.826,82.844,-31.329
-7.1031,-65.832,82.829,-31.339
-7.0495,-65.838,82.813,-31.349
-6.9959,-65.843,82.798,-31.359
-6.9959,-65.843,82.798,-31.359
-6.9424,-65.849,82.782,-31.369
-6.8888,-65.855,82.766,-31.379
-6.8353,-65.861,82.75,-31.389
-6.7818,-65.866,82.734,-31.399
-6.7818,-65.866,82.734,-31.399
-6.7283,-65.872,82.718,-31.41
-6.6749,-65.878,82.701,-31.42
-6.6214,-65.884,82.685,-31.431
-6.5679,-65.89,82.669,-31.441
-6.5679,-65.89,82.669,-31.441
-6.5146,-65.896,82.652,-31.452
-6.4612,-65.903,82.635,-31.462
-6.4078,-65.909,82.618,-31.473
-6.3544,-65.915,82.601,-31.484
-6.3544,-65.915,82.601,-31.484
-6.3011,-65.921,82.584,-31.495
-6.2477,-65.927,82.567,-31.506
-6.1944,-65.934,82.55,-31.517
-6.1411,-65.94,82.533,-31.528
-6.1411,-65.94,82.533,-31.528
-6.0879,-65.946,82.515,-31.539
-6.0346,-65.953,82.497,-31.55
-5.9814,-65.959,82.48,-31.561
-5.9281,-65.966,82.462,-31.573
-5.9281,-65.966,82.462,-31.573
-5.8749,-65.972,82.444,-31.584
-5.8218,-65.979,82.426,-31.596
-5.7686,-65.985,82.408,-31.607
-5.7154,-65.992,82.39,-31.619
-5.7154,-65.992,82.39,-31.619
-5.6623,-65.999,82.371,-31.63
-5.6092,-66.005,82.352,-31.642
-5.5561,-66.012,82.334,-31.654
-5.503,-66.019,82.315,-31.666
-5.503,-66.019,82.315,-31.666
-5.4499,-66.026,82.296,-31.678
-5.3969,-66.033,82.277,-31.69
-5.3439,-66.04,82.259,-31.702
-5.2909,-66.047,82.24,-31.714
-5.2909,-66.047,82.24,-31.714
-5.2379,-66.054,82.22,-31.726
-5.185,-66.061,82.201,-31.738
-5.132,-66.068,82.181,-31.751
-5.079,-66.075,82.162,-31.763
-5.079,-66.075,82.162,-31.763
-5.0262,-66.082,82.142,-31.776
-4.9733,-66.089,82.122,-31.788
-4.9204,-66.097,82.103,-31.801
-4.8675,-66.104,82.083,-31.813
-4.8675,-66.104,82.083,-31.813
-4.8147,-66.111,82.062,-31.826
-4.762,-66.119,82.042,-31.839
-4.7092,-66.126,82.022,-31.852
-4.6564,-66.134,82.002,-31.865
-4.6564,-66.134,82.002,-31.865
-4.6036,-66.141,81.981,-31.878
-4.5509,-66.149,81.96,-31.891
-4.4982,-66.156,81.94,-31.904
-4.4455,-66.164,81.919,-31.917
-4.4455,-66.164,81.919,-31.917
-4.3929,-66.172,81.898,-31.931
-4.3402,-66.179,81.877,-31.944
-4.2876,-66.187,81.856,-31.957
-4.235,-66.195,81.834,-31.971
-4.235,-66.195,81.834,-31.971
-4.1824,-66.203,81.813,-31.984
-4.1298,-66.211,81.791,-31.998
-4.0773,-66.219,81.77,-32.012
-4.0247,-66.226,81.748,-32.025
-4.0247,-66.226,81.748,-32.025
-3.9723,-66.235,81.726,-32.039
-3.9198,-66.243,81.704,-32.053
-3.8673,-66.251,81.682,-32.067
-3.8149,-66.259,81.66,-32.081
-3.8149,-66.259,81.66,-32.081
-3.7625,-66.267,81.638,-32.095
-3.7101,-66.275,81.615,-32.109
-3.6577,-66.283,81.593,-32.124
-3.6053,-66.292,81.57,-32.138
-3.6053,-66.292,81.57,-32.138
-3.553,-66.3,81.548,-32.152
-3.5007,-66.309,81.525,-32.167
-3.4484,-66.317,81.502,-32.181
-3.3961,-66.325,81.479,-32.196
-3.3961,-66.325,81.479,-32.196
-3.3439,-66.334,81.456,-32.21
-3.2917,-66.342,81.432,-32.225
-3.2395,-66.351,81.409,-32.24
-3.1873,-66.36,81.386,-32.255
-3.1873,-66.36,81.386,-32.255
-3.1352,-66.368,81.362,-32.27
-3.0831,-66.377,81.338,-32.285
-3.0309,-66.386,81.315,-32.3
-2.9788,-66.395,81.291,-32.315
-2.9788,-66.395,81.291,-32.315
-2.9268,-66.404,81.267,-32.33
-2.8747,-66.412,81.242,-32.345
-2.8227,-66.421,81.218,-32.36
-2.7707,-66.43,81.194,-32.376
-2.7707,-66.43,81.194,-32.376
-2.7566,-66.388,81.309,-32.303
-2.7425,-66.345,81.425,-32.23
-2.7284,-66.303,81.54,-32.157
-2.7142,-66.261,81.655,-32.084
-2.7142,-66.261,81.655,-32.084
-2.7,-66.219,81.77,-32.012
-2.6858,-66.177,81.885,-31.939
-2.6716,-66.135,81.999,-31.866
-2.6574,-66.093,82.114,-31.793
-2.6574,-66.093,82.114,-31.793
-2.6431,-66.051,82.228,-31.721
-2.6288,-66.009,82.342,-31.648
-2.6144,-65.968,82.456,-31.576
-2.6001,-65.926,82.571,-31.503
-2.6001,-65.926,82.571,-31.503
-2.5857,-65.885,82.684,-31.431
-2.5713,-65.844,82.798,-31.359
-2.5568,-65.802,82.911,-31.286
-2.5424,-65.761,83.025,-31.214
-2.5424,-65.761,83.025,-31.214
-2.5279,-65.72,83.138,-31.142
-2.5133,-65.679,83.251,-31.07
-2.4988,-65.638,83.364,-30.998
-2.4843,-65.598,83.477,-30.926
-2.4843,-65.598,83.477,-30.926
-2.4696,-65.557,83.589,-30.854
-2.455,-65.517,83.702,-30.782
-2.4403,-65.476,83.814,-30.71
-2.4257,-65.436,83.927,-30.638
-2.4257,-65.436,83.927,-30.638
-2.4109,-65.396,84.038,-30.566
-2.3961,-65.356,84.15,-30.494
-2.3814,-65.316,84.262,-30.422
-2.3666,-65.275,84.374,-30.35
-2.3666,-65.275,84.374,-30.35
-2.3517,-65.236,84.485,-30.279
-2.3368,-65.196,84.597,-30.207
-2.322,-65.156,84.708,-30.136
-2.3071,-65.117,84.819,-30.064
-2.3071,-65.117,84.819,-30.064
-2.2921,-65.077,84.93,-29.992
-2.2771,-65.038,85.041,-29.921
-2.2621,-64.999,85.152,-29.849
-2.2471,-64.959,85.263,-29.778
-2.2471,-64.959,85.263,-29.778
-2.232,-64.92,85.373,-29.707
-2.2169,-64.881,85.483,-29.635
-2.2018,-64.843,85.594,-29.564
-2.1867,-64.804,85.704,-29.493
-2.1867,-64.804,85.704,-29.493
-2.1714,-64.765,85.814,-29.421
-2.1562,-64.726,85.923,-29.35
-2.141,-64.688,86.033,-29.279
-2.1257,-64.649,86.143,-29.208
-2.1257,-64.649,86.143,-29.208
-2.1104,-64.611,86.252,-29.137
-2.0951,-64.573,86.362,-29.066
-2.0797,-64.535,86.471,-28.995
-2.0644,-64.496,86.58,-28.924
-2.0644,-64.496,86.58,-28.924
-2.0489,-64.459,86.689,-28.853
-2.0334,-64.421,86.798,-28.782
-2.0179,-64.383,86.906,-28.711
-2.0025,-64.345,87.015,-28.64
-2.0025,-64.345,87.015,-28.64
-1.9869,-64.308,87.123,-28.569
-1.9713,-64.27,87.232,-28.498
-1.9557,-64.233,87.34,-28.428
-1.9401,-64.195,87.448,-28.357
-1.9401,-64.195,87.448,-28.357
-1.9244,-64.158,87.556,-28.286
-1.9087,-64.121,87.664,-28.215
-1.893,-64.084,87.771,-28.145
-1.8772,-64.047,87.879,-28.074
-1.8772,-64.047,87.879,-28.074
-1.8614,-64.01,87.987,-28.004
-1.8456,-63.973,88.094,-27.933
-1.8297,-63.936,88.201,-27.863
-1.8139,-63.9,88.308,-27.792
-1.8139,-63.9,88.308,-27.792
-1.7979,-63.863,88.415,-27.722
-1.7819,-63.827,88.522,-27.651
-1.766,-63.79,88.629,-27.581
-1.75,-63.754,88.736,-27.51
-1.75,-63.754,88.736,-27.51
-1.7339,-63.718,88.842,-27.44
-1.7178,-63.682,88.948,-27.37
-1.7017,-63.646,89.055,-27.299
-1.6856,-63.61,89.161,-27.229
-1.6856,-63.61,89.161,-27.229
-1.6694,-63.574,89.267,-27.159
-1.6532,-63.538,89.373,-27.089
-1.6369,-63.503,89.479,-27.019
-1.6207,-63.467,89.585,-26.948
-1.6207,-63.467,89.585,-26.948
-1.6044,-63.432,89.69,-26.878
-1.588,-63.396,89.795,-26.808
-1.5716,-63.361,89.901,-26.738
-1.5553,-63.326,90.006,-26.668
-1.5553,-63.326,90.006,-26.668
-1.5388,-63.291,90.111,-26.598
-1.5223,-63.256,90.216,-26.528
-1.5058,-63.221,90.321,-26.458
-1.4893,-63.186,90.426,-26.388
-1.4893,-63.186,90.426,-26.388
-1.4727,-63.151,90.531,-26.318
-1.4561,-63.117,90.635,-26.248
-1.4394,-63.082,90.74,-26.178
-1.4228,-63.047,90.844,-26.109
-1.4228,-63.047,90.844,-26.109
-1.4061,-63.013,90.948,-26.039
-1.3893,-62.979,91.052,-25.969
-1.3725,-62.944,91.156,-25.899
-1.3558,-62.91,91.261,-25.829
-1.3558,-62.91,91.261,-25.829
-1.3389,-62.876,91.364,-25.76
-1.322,-62.842,91.468,-25.69
-1.3051,-62.808,91.572,-25.62
-1.2882,-62.774,91.675,-25.551
-1.2882,-62.774,91.675,-25.551
-1.2711,-62.741,91.778,-25.481
-1.2541,-62.707,91.882,-25.411
-1.2371,-62.674,91.985,-25.342
-1.22,-62.64,92.088,-25.272
-1.22,-62.64,92.088,-25.272
-1.2028,-62.607,92.191,-25.203
-1.1857,-62.573,92.294,-25.133
-1.1685,-62.54,92.396,-25.063
-1.1513,-62.507,92.499,-24.994
-1.1513,-62.507,92.499,-24.994
-1.134,-62.474,92.602,-24.924
-1.1167,-62.441,92.704,-24.855
-1.0993,-62.408,92.806,-24.786
-1.082,-62.375,92.909,-24.716
-1.082,-62.375,92.909,-24.716
-1.0645,-62.343,93.011,-24.647
-1.0471,-62.31,93.113,-24.577
-1.0296,-62.278,93.215,-24.508
-1.0121,-62.245,93.316,-24.439
-1.0121,-62.245,93.316,-24.439
-0.99452,-62.213,93.418,-24.369
-0.97691,-62.18,93.52,-24.3
-0.95929,-62.148,93.621,-24.231
-0.94168,-62.116,93.723,-24.161
-0.94168,-62.116,93.723,-24.161
-0.92392,-62.084,93.824,-24.092
-0.90616,-62.052,93.925,-24.023
-0.88839,-62.02,94.026,-23.954
-0.87063,-61.988,94.127,-23.884
-0.87063,-61.988,94.127,-23.884
-0.85272,-61.957,94.228,-23.815
-0.83481,-61.925,94.329,-23.746
-0.8169,-61.894,94.429,-23.677
-0.79898,-61.862,94.53,-23.608
-0.79898,-61.862,94.53,-23.608
-0.78092,-61.831,94.631,-23.538
-0.76286,-61.8,94.731,-23.469
-0.74479,-61.769,94.831,-23.4
-0.72673,-61.737,94.932,-23.331
-0.72673,-61.737,94.932,-23.331
-0.70851,-61.706,95.031,-23.262
-0.6903,-61.676,95.131,-23.193
-0.67208,-61.645,95.231,-23.124
-0.65386,-61.614,95.331,-23.055
-0.65386,-61.614,95.331,-23.055
-0.73244,-61.637,95.256,-23.107
-0.81102,-61.66,95.181,-23.159
-0.8896,-61.683,95.106,-23.211
-0.96818,-61.707,95.03,-23.263
-0.96818,-61.707,95.03,-23.263
-1.0463,-61.73,94.954,-23.315
-1.1244,-61.754,94.878,-23.368
-1.2025,-61.778,94.802,-23.42
-1.2806,-61.801,94.726,-23.473
-1.2806,-61.801,94.726,-23.473
-1.3582,-61.825,94.649,-23.526
-1.4358,-61.849,94.572,-23.579
-1.5134,-61.873,94.495,-23.632
-1.5911,-61.897,94.418,-23.685
-1.5911,-61.897,94.418,-23.685
-1.6682,-61.922,94.34,-23.738
-1.7453,-61.946,94.262,-23.792
-1.8225,-61.97,94.184,-23.845
-1.8996,-61.995,94.107,-23.899
-1.8996,-61.995,94.107,-23.899
-1.9762,-62.02,94.028,-23.952
-2.0529,-62.045,93.949,-24.006
-2.1295,-62.069,93.87,-24.06
-2.2062,-62.094,93.792,-24.114
-2.2062,-62.094,93.792,-24.114
-2.2823,-62.119,93.712,-24.169
-2.3585,-62.145,93.632,-24.223
-2.4347,-62.17,93.553,-24.277
-2.5108,-62.195,93.473,-24.332
-2.5108,-62.195,93.473,-24.332
-2.5865,-62.221,93.393,-24.387
-2.6622,-62.246,93.312,-24.442
-2.7378,-62.272,93.232,-24.496
-2.8135,-62.298,93.151,-24.551
-2.8135,-62.298,93.151,-24.551
-2.8887,-62.324,93.07,-24.607
-2.9639,-62.35,92.988,-24.662
-3.0391,-62.376,92.907,-24.717
-3.1143,-62.402,92.826,-24.773
-3.1143,-62.402,92.826,-24.773
-3.189,-62.428,92.743,-24.828
-3.2637,-62.455,92.661,-24.884
-3.3384,-62.481,92.579,-24.94
-3.4131,-62.508,92.497,-24.996
-3.4131,-62.508,92.497,-24.996
-3.4873,-62.535,92.413,-25.052
-3.5616,-62.561,92.33,-25.108
-3.6358,-62.588,92.247,-25.164
-3.71,-62.615,92.164,-25.221
-3.71,-62.615,92.164,-25.221
-3.7838,-62.643,92.08,-25.277
-3.8575,-62.67,91.996,-25.334
-3.9313,-62.697,91.912,-25.391
-4.005,-62.724,91.828,-25.448
-4.005,-62.724,91.828,-25.448
-4.0783,-62.752,91.743,-25.505
-4.1515,-62.78,91.658,-25.562
-4.2248,-62.808,91.573,-25.619
-4.2981,-62.835,91.488,-25.676
-4.2981,-62.835,91.488,-25.676
-4.3708,-62.864,91.403,-25.734
-4.4436,-62.892,91.317,-25.792
-4.5164,-62.92,91.231,-25.849
-4.5892,-62.948,91.145,-25.907
-4.5892,-62.948,91.145,-25.907
-4.6615,-62.977,91.058,-25.965
-4.7338,-63.005,90.972,-26.023
-4.8061,-63.034,90.885,-26.081
-4.8784,-63.062,90.798,-26.139
-4.8784,-63.062,90.798,-26.139
-4.9503,-63.091,90.711,-26.198
-5.0221,-63.12,90.623,-26.256
-5.0939,-63.15,90.536,-26.315
-5.1657,-63.179,90.448,-26.374
-5.1657,-63.179,90.448,-26.374
-5.2371,-63.208,90.359,-26.433
-5.3084,-63.237,90.271,-26.492
-5.3798,-63.267,90.182,-26.551
-5.4511,-63.296,90.094,-26.61
-5.4511,-63.296,90.094,-26.61
-5.522,-63.326,90.005,-26.669
-5.5929,-63.356,89.915,-26.729
-5.6638,-63.386,89.826,-26.788
-5.7347,-63.416,89.736,-26.847
-5.7347,-63.416,89.736,-26.847
-5.8051,-63.446,89.646,-26.907
-5.8755,-63.477,89.556,-26.967
-5.9459,-63.507,89.466,-27.027
-6.0163,-63.538,89.375,-27.087
-6.0163,-63.538,89.375,-27.087
-6.0862,-63.568,89.284,-27.148
-6.1561,-63.599,89.193,-27.208
-6.2261,-63.63,89.102,-27.268
-6.296,-63.661,89.01,-27.329
-6.296,-63.661,89.01,-27.329
-6.3655,-63.692,88.918,-27.39
-6.4349,-63.723,88.826,-27.451
-6.5044,-63.755,88.734,-27.511
-6.5739,-63.786,88.642,-27.572
-6.5739,-63.786,88.642,-27.572
-6.6429,-63.818,88.549,-27.634
-6.7118,-63.849,88.456,-27.695
-6.7808,-63.881,88.363,-27.756
-6.8498,-63.913,88.27,-27.817
-6.8498,-63.913,88.27,-27.817
-6.9184,-63.945,88.176,-27.879
-6.9869,-63.977,88.082,-27.941
-7.0554,-64.009,87.988,-28.003
-7.124,-64.042,87.894,-28.065
-7.124,-64.042,87.894,-28.065
-7.192,-64.074,87.799,-28.127
-7.2601,-64.107,87.704,-28.189
-7.3281,-64.14,87.609,-28.251
-7.3962,-64.172,87.514,-28.313
-7.3962,-64.172,87.514,-28.313
-7.4638,-64.205,87.418,-28.376
-7.5314,-64.239,87.323,-28.439
-7.599,-64.272,87.227,-28.502
-7.6666,-64.305,87.131,-28.564
-7.6666,-64.305,87.131,-28.564
-7.7337,-64.338,87.034,-28.627
-7.8009,-64.372,86.937,-28.69
-7.868,-64.406,86.841,-28.754
-7.9352,-64.439,86.744,-28.817
-7.9352,-64.439,86.744,-28.817
-8.0018,-64.473,86.646,-28.88
-8.0685,-64.507,86.549,-28.944
-8.1352,-64.542,86.451,-29.008
-8.2019,-64.576,86.353,-29.071
-8.2019,-64.576,86.353,-29.071
-8.2681,-64.61,86.254,-29.135
-8.3343,-64.645,86.156,-29.199
-8.4006,-64.679,86.057,-29.263
-8.4668,-64.714,85.958,-29.328
-8.4668,-64.714,85.958,-29.328
-8.5325,-64.749,85.859,-29.392
-8.5983,-64.784,85.759,-29.457
-8.6641,-64.819,85.66,-29.521
-8.7298,-64.854,85.56,-29.586
-8.7298,-64.854,85.56,-29.586
-8.7952,-64.89,85.459,-29.651
-8.8605,-64.925,85.359,-29.716
-8.9258,-64.961,85.258,-29.781
-8.9911,-64.997,85.158,-29.846
-8.9911,-64.997,85.158,-29.846
-9.056,-65.033,85.056,-29.911
-9.1208,-65.069,84.955,-29.977
-9.1857,-65.105,84.853,-30.042
-9.2506,-65.141,84.752,-30.108
-9.2506,-65.141,84.752,-30.108
-9.315,-65.177,84.649,-30.174
-9.3794,-65.214,84.547,-30.239
-9.4438,-65.25,84.444,-30.305
-9.5082,-65.287,84.342,-30.371
-9.5082,-65.287,84.342,-30.371
-9.5722,-65.324,84.238,-30.438
-9.6362,-65.361,84.135,-30.504
-9.7001,-65.398,84.031,-30.571
-9.7641,-65.435,83.928,-30.637
-9.7641,-65.435,83.928,-30.637
-9.8276,-65.473,83.823,-30.704
-9.8911,-65.511,83.719,-30.771
-9.9547,-65.548,83.614,-30.838
-10.018,-65.586,83.51,-30.905
-10.018,-65.586,83.51,-30.905
-10.074,-65.582,83.519,-30.898
-10.13,-65.579,83.529,-30.892
-10.186,-65.575,83.539,-30.886
-10.242,-65.572,83.549,-30.88
-10.242,-65.572,83.549,-30.88
-10.298,-65.568,83.558,-30.874
-10.354,-65.565,83.567,-30.868
-10.41,-65.562,83.577,-30.862
-10.466,-65.558,83.586,-30.856
-10.466,-65.558,83.586,-30.856
-10.522,-65.555,83.595,-30.85
-10.579,-65.552,83.604,-30.845
-10.635,-65.549,83.612,-30.839
-10.691,-65.546,83.621,-30.833
-10.691,-65.546,83.621,-30.833
-10.747,-65.543,83.63,-30.828
-10.803,-65.539,83.638,-30.822
-10.859,-65.536,83.647,-30.817
-10.915,-65.533,83.655,-30.812
-10.915,-65.533,83.655,-30.812
-10.971,-65.531,83.663,-30.807
-11.028,-65.528,83.671,-30.801
-11.084,-65.525,83.679,-30.796
-11.14,-65.522,83.687,-30.791
-11.14,-65.522,83.687,-30.791
-11.196,-65.519,83.694,-30.786
-11.252,-65.517,83.702,-30.782
-11.309,-65.514,83.709,-30.777
-11.365,-65.511,83.717,-30.772
-11.365,-65.511,83.717,-30.772
-11.421,-65.509,83.724,-30.768
-11.477,-65.506,83.731,-30.763
-11.534,-65.504,83.738,-30.759
-11.59,-65.501,83.745,-30.754
-11.59,-65.501,83.745,-30.754
-11.646,-65.499,83.751,-30.75
-11.702,-65.496,83.758,-30.746
-11.759,-65.494,83.765,-30.741
-11.815,-65.492,83.771,-30.737
-11.815,-65.492,83.771,-30.737
-11.871,-65.489,83.777,-30.733
-11.928,-65.487,83.783,-30.729
-11.984,-65.485,83.79,-30.725
-12.04,-65.483,83.796,-30.721
-12.04,-65.483,83.796,-30.721
-12.097,-65.481,83.801,-30.718
-12.153,-65.479,83.807,-30.714
-12.209,-65.477,83.813,-30.711
-12.266,-65.475,83.818,-30.707
-12.266,-65.475,83.818,-30.707
-12.322,-65.473,83.824,-30.704
-12.379,-65.471,83.829,-30.7
-12.435,-65.469,83.834,-30.697
-12.491,-65.467,83.839,-30.694
-12.491,-65.467,83.839,-30.694
-12.548,-65.465,83.844,-30.691
-12.604,-65.464,83.849,-30.687
-12.661,-65.462,83.854,-30.684
-12.717,-65.46,83.858,-30.681
-12.717,-65.46,83.858,-30.681
-12.773,-65.459,83.863,-30.679
-12.83,-65.457,83.867,-30.676
-12.886,-65.456,83.871,-30.673
-12.943,-65.454,83.876,-30.67
-12.943,-65.454,83.876,-30.67
-12.999,-65.453,83.88,-30.668
-13.056,-65.451,83.883,-30.665
-13.112,-65.45,83.887,-30.663
-13.169,-65.449,83.891,-30.66
-13.169,-65.449,83.891,-30.66
-13.225,-65.447,83.894,-30.658
-13.282,-65.446,83.898,-30.656
-13.338,-65.445,83.901,-30.654
-13.395,-65.444,83.905,-30.652
-13.395,-65.444,83.905,-30.652
-13.451,-65.443,83.908,-30.65
-13.508,-65.441,83.911,-30.648
-13.564,-65.44,83.914,-30.646
-13.621,-65.439,83.917,-30.644
-13.621,-65.439,83.917,-30.644
-13.677,-65.438,83.919,-30.642
-13.734,-65.438,83.922,-30.641
-13.79,-65.437,83.924,-30.639
-13.847,-65.436,83.927,-30.638
-13.847,-65.436,83.927,-30.638
-13.903,-65.435,83.929,-30.636
-13.96,-65.434,83.931,-30.635
-14.016,-65.434,83.933,-30.634
-14.073,-65.433,83.935,-30.632
-14.073,-65.433,83.935,-30.632
-14.13,-65.432,83.936,-30.631
-14.186,-65.432,83.938,-30.63
-14.243,-65.431,83.939,-30.629
-14.299,-65.431,83.941,-30.628
-14.299,-65.431,83.941,-30.628
-14.356,-65.43,83.942,-30.628
-14.413,-65.43,83.943,-30.627
-14.469,-65.429,83.944,-30.626
-14.526,-65.429,83.946,-30.625
-14.526,-65.429,83.946,-30.625
-14.582,-65.429,83.946,-30.625
-14.639,-65.428,83.947,-30.625
-14.695,-65.428,83.948,-30.624
-14.752,-65.428,83.948,-30.624
-14.752,-65.428,83.948,-30.624
-14.809,-65.428,83.949,-30.624
-14.865,-65.428,83.949,-30.623
-14.922,-65.428,83.949,-30.623
-14.979,-65.428,83.949,-30.623
-14.979,-65.428,83.949,-30.623
-15.035,-65.428,83.949,-30.623
-15.092,-65.428,83.949,-30.623
-15.148,-65.428,83.949,-30.624
-15.205,-65.428,83.948,-30.624
-15.205,-65.428,83.948,-30.624
-15.262,-65.428,83.948,-30.624
-15.318,-65.428,83.947,-30.625
-15.375,-65.429,83.946,-30.625
-15.432,-65.429,83.946,-30.625
-15.432,-65.429,83.946,-30.625
-15.488,-65.429,83.944,-30.626
-15.545,-65.43,83.943,-30.627
-15.601,-65.43,83.942,-30.628
-15.658,-65.431,83.941,-30.628
-15.658,-65.431,83.941,-30.628
-15.715,-65.431,83.939,-30.629
-15.771,-65.432,83.938,-30.63
-15.828,-65.432,83.936,-30.631
-15.885,-65.433,83.935,-30.632
-15.885,-65.433,83.935,-30.632
-15.941,-65.434,83.933,-30.634
-15.998,-65.434,83.931,-30.635
-16.055,-65.435,83.929,-30.636
-16.111,-65.436,83.927,-30.638
-16.111,-65.436,83.927,-30.638
-16.168,-65.437,83.924,-30.639
-16.224,-65.438,83.922,-30.641
-16.281,-65.438,83.919,-30.642
-16.338,-65.439,83.917,-30.644
-16.338,-65.439,83.917,-30.644
-16.394,-65.44,83.914,-30.646
-16.451,-65.442,83.911,-30.648
-16.508,-65.443,83.908,-30.65
-16.564,-65.444,83.905,-30.652
-16.564,-65.444,83.905,-30.652
-16.621,-65.445,83.901,-30.654
-16.678,-65.446,83.898,-30.656
-16.734,-65.447,83.895,-30.658
-16.791,-65.449,83.891,-30.66
-16.791,-65.449,83.891,-30.66
-16.848,-65.45,83.887,-30.663
-16.904,-65.451,83.883,-30.665
-16.961,-65.453,83.88,-30.668
-17.017,-65.454,83.876,-30.67
-17.017,-65.454,83.876,-30.67
-17.074,-65.456,83.871,-30.673
-17.131,-65.457,83.867,-30.676
-17.187,-65.459,83.863,-30.679
-17.244,-65.46,83.858,-30.681
-17.244,-65.46,83.858,-30.681
-17.301,-65.462,83.854,-30.684
-17.357,-65.464,83.849,-30.687
-17.414,-65.465,83.844,-30.691
-17.47,-65.467,83.839,-30.694
-17.47,-65.467,83.839,-30.694
-17.47,-65.509,83.724,-30.767
-17.47,-65.55,83.609,-30.841
-17.47,-65.592,83.494,-30.915
-17.47,-65.633,83.379,-30.988
-17.47,-65.633,83.379,-30.988
-17.47,-65.675,83.263,-31.062
-17.47,-65.717,83.147,-31.136
-17.47,-65.759,83.032,-31.21
-17.47,-65.801,82.916,-31.284
-17.47,-65.801,82.916,-31.284
-17.47,-65.843,82.799,-31.358
-17.47,-65.885,82.683,-31.432
-17.47,-65.927,82.567,-31.506
-17.47,-65.97,82.45,-31.58
-17.47,-65.97,82.45,-31.58
-17.47,-66.012,82.334,-31.654
-17.47,-66.055,82.217,-31.728
-17.47,-66.098,82.1,-31.802
-17.47,-66.14,81.983,-31.877
-17.47,-66.14,81.983,-31.877
-17.47,-66.184,81.865,-31.951
-17.47,-66.227,81.748,-32.025
-17.47,-66.27,81.63,-32.1
-17.47,-66.313,81.513,-32.174
-17.47,-66.313,81.513,-32.174
-17.47,-66.356,81.395,-32.249
-17.47,-66.4,81.277,-32.323
-17.47,-66.443,81.159,-32.398
-17.47,-66.487,81.041,-32.473
-17.47,-66.487,81.041,-32.473
-17.47,-66.531,80.922,-32.547
-17.47,-66.575,80.803,-32.622
-17.47,-66.619,80.684,-32.697
-17.47,-66.663,80.566,-32.772
-17.47,-66.663,80.566,-32.772
-17.47,-66.707,80.446,-32.847
-17.47,-66.751,80.327,-32.922
-17.47,-66.796,80.208,-32.997
-17.47,-66.84,80.088,-33.072
-17.47,-66.84,80.088,-33.072
-17.47,-66.885,79.968,-33.147
-17.47,-66.93,79.848,-33.222
-17.47,-66.974,79.728,-33.297
-17.47,-67.019,79.609,-33.372
-17.47,-67.019,79.609,-33.372
-17.47,-67.064,79.488,-33.448
-17.47,-67.11,79.367,-33.523
-17.47,-67.155,79.247,-33.599
-17.47,-67.2,79.126,-33.674
-17.47,-67.2,79.126,-33.674
-17.47,-67.246,79.005,-33.75
-17.47,-67.291,78.883,-33.825
-17.47,-67.337,78.762,-33.901
-17.47,-67.382,78.641,-33.977
-17.47,-67.382,78.641,-33.977
-17.47,-67.429,78.519,-34.052
-17.47,-67.475,78.397,-34.128
-17.47,-67.521,78.275,-34.204
-17.47,-67.567,78.153,-34.28
-17.47,-67.567,78.153,-34.28
-17.47,-67.613,78.031,-34.356
-17.47,-67.66,77.908,-34.432
-17.47,-67.706,77.785,-34.508
-17.47,-67.753,77.663,-34.585
-17.47,-67.753,77.663,-34.585
-17.47,-67.8,77.539,-34.661
-17.47,-67.847,77.416,-34.737
-17.47,-67.894,77.293,-34.814
-17.47,-67.941,77.169,-34.89
-17.47,-67.941,77.169,-34.89
-17.47,-67.988,77.045,-34.967
-17.47,-68.036,76.921,-35.043
-17.47,-68.083,76.797,-35.12
-17.47,-68.13,76.673,-35.196
-17.47,-68.13,76.673,-35.196
-17.47,-68.178,76.549,-35.273
-17.47,-68.226,76.424,-35.35
-17.47,-68.274,76.299,-35.427
-17.47,-68.322,76.174,-35.504
-17.47,-68.322,76.174,-35.504
-17.47,-68.37,76.049,-35.581
-17.47,-68.419,75.923,-35.658
-17.47,-68.467,75.798,-35.735
-17.47,-68.515,75.672,-35.812
-17.47,-68.515,75.672,-35.812
-17.47,-68.564,75.546,-35.89
-17.47,-68.613,75.42,-35.967
-17.47,-68.662,75.294,-36.045
-17.47,-68.711,75.167,-36.122
-17.47,-68.711,75.167,-36.122
-17.47,-68.76,75.04,-36.2
-17.47,-68.809,74.913,-36.277
-17.47,-68.859,74.786,-36.355
-17.47,-68.908,74.659,-36.433
-17.47,-68.908,74.659,-36.433
-17.47,-68.958,74.532,-36.511
-17.47,-69.007,74.404,-36.589
-17.47,-69.057,74.276,-36.667
-17.47,-69.107,74.148,-36.745
-17.47,-69.107,74.148,-36.745
-17.47,-69.157,74.02,-36.823
-17.47,-69.208,73.891,-36.901
-17.47,-69.258,73.763,-36.98
-17.47,-69.308,73.634,-37.058
-17.47,-69.308,73.634,-37.058
-17.47,-69.359,73.505,-37.137
-17.47,-69.41,73.375,-37.215
-17.47,-69.46,73.246,-37.294
-17.47,-69.511,73.116,-37.372
-17.47,-69.511,73.116,-37.372
-17.47,-69.563,72.986,-37.451
-17.47,-69.614,72.856,-37.53
-17.47,-69.665,72.726,-37.609
-17.47,-69.716,72.595,-37.688
-17.47,-69.716,72.595,-37.688
-17.47,-69.768,72.464,-37.767
-17.47,-69.82,72.333,-37.847
-17.47,-69.872,72.202,-37.926
-17.47,-69.924,72.071,-38.005
-17.47,-69.924,72.071,-38.005
-17.47,-69.976,71.939,-38.085
-17.47,-70.028,71.807,-38.164
-17.47,-70.081,71.675,-38.244
-17.47,-70.133,71.543,-38.324
-17.47,-70.133,71.543,-38.324
-17.47,-70.186,71.411,-38.403
-17.47,-70.239,71.278,-38.483
-17.47,-70.292,71.145,-38.563
-17.47,-70.344,71.012,-38.643
-17.47,-70.344,71.012,-38.643
-17.47,-70.398,70.878,-38.724
-17.47,-70.451,70.745,-38.804
-17.47,-70.505,70.611,-38.884
-17.47,-70.558,70.477,-38.965
-17.47,-70.558,70.477,-38.965
-17.47,-70.612,70.343,-39.045
-17.47,-70.666,70.208,-39.126
-17.47,-70.72,70.073,-39.207
-17.47,-70.774,69.939,-39.287
-17.47,-70.774,69.939,-39.287
-17.47,-70.829,69.803,-39.369
-17.47,-70.883,69.667,-39.45
-17.47,-70.938,69.532,-39.531
-17.47,-70.992,69.396,-39.612
-17.47,-70.992,69.396,-39.612
-17.47,-71.047,69.26,-39.693
-17.47,-71.102,69.123,-39.775
-17.47,-71.157,68.986,-39.856
-17.47,-71.212,68.85,-39.938
-17.47,-71.212,68.85,-39.938
-17.47,-71.268,68.712,-40.02
-17.47,-71.324,68.575,-40.101
-17.47,-71.38,68.437,-40.183
-17.47,-71.435,68.3,-40.265
-17.47,-71.435,68.3,-40.265
-17.47,-71.491,68.161,-40.348
-17.47,-71.548,68.022,-40.43
-17.47,-71.604,67.884,-40.512
-17.47,-71.66,67.745,-40.595
-17.47,-71.66,67.745,-40.595
-17.47,-71.717,67.606,-40.677
-17.47,-71.774,67.466,-40.76
-17.47,-71.831,67.326,-40.843
-17.47,-71.888,67.187,-40.926
-17.47,-71.888,67.187,-40.926
-17.42,-71.886,67.192,-40.923
-17.37,-71.884,67.197,-40.92
-17.32,-71.882,67.201,-40.917
-17.27,-71.88,67.206,-40.914
-17.27,-71.88,67.206,-40.914
-17.22,-71.878,67.211,-40.911
-17.17,-71.876,67.216,-40.908
-17.12,-71.874,67.22,-40.905
-17.07,-71.872,67.225,-40.903
-17.07,-71.872,67.225,-40.903
-17.02,-71.87,67.229,-40.9
-16.97,-71.869,67.233,-40.898
-16.919,-71.867,67.238,-40.895
-16.869,-71.865,67.242,-40.893
-16.869,-71.865,67.242,-40.893
-16.819,-71.864,67.245,-40.891
-16.769,-71.862,67.249,-40.888
-16.719,-71.861,67.253,-40.886
-16.669,-71.859,67.256,-40.884
-16.669,-71.859,67.256,-40.884
-16.619,-71.858,67.26,-40.882
-16.569,-71.857,67.263,-40.88
-16.519,-71.856,67.266,-40.878
-16.469,-71.854,67.269,-40.877
-16.469,-71.854,67.269,-40.877
-16.418,-71.853,67.272,-40.875
-16.368,-71.852,67.275,-40.873
-16.318,-71.851,67.277,-40.872
-16.268,-71.85,67.28,-40.87
-16.268,-71.85,67.28,-40.87
-16.218,-71.849,67.282,-40.869
-16.168,-71.848,67.284,-40.868
-16.118,-71.847,67.287,-40.866
-16.068,-71.846,67.289,-40.865
-16.068,-71.846,67.289,-40.865
-16.018,-71.846,67.29,-40.864
-15.968,-71.845,67.292,-40.863
-15.917,-71.844,67.294,-40.862
-15.867,-71.843,67.296,-40.861
-15.867,-71.843,67.296,-40.861
-15.817,-71.843,67.297,-40.86
-15.767,-71.842,67.298,-40.859
-15.717,-71.842,67.299,-40.859
-15.667,-71.841,67.3,-40.858
-15.667,-71.841,67.3,-40.858
-15.617,-71.841,67.301,-40.858
-15.567,-71.841,67.302,-40.857
-15.517,-71.841,67.303,-40.857
-15.467,-71.84,67.303,-40.856
-15.467,-71.84,67.303,-40.856
-15.417,-71.84,67.304,-40.856
-15.366,-71.84,67.304,-40.856
-15.316,-71.84,67.304,-40.856
-15.266,-71.84,67.304,-40.856
-15.266,-71.84,67.304,-40.856
-15.216,-71.84,67.304,-40.856
-15.166,-71.84,67.304,-40.856
-15.116,-71.84,67.304,-40.856
-15.066,-71.84,67.303,-40.856
-15.066,-71.84,67.303,-40.856
-15.016,-71.841,67.303,-40.857
-14.966,-71.841,67.302,-40.857
-14.916,-71.841,67.301,-40.858
-14.866,-71.841,67.301,-40.858
-14.866,-71.841,67.301,-40.858
-14.816,-71.842,67.299,-40.859
-14.766,-71.842,67.298,-40.859
-14.715,-71.843,67.297,-40.86
-14.665,-71.843,67.296,-40.861
-14.665,-71.843,67.296,-40.861
-14.615,-71.844,67.294,-40.862
-14.565,-71.845,67.292,-40.863
-14.515,-71.846,67.29,-40.864
-14.465,-71.846,67.289,-40.865
-14.465,-71.846,67.289,-40.865
-14.415,-71.847,67.287,-40.866
-14.365,-71.848,67.284,-40.868
-14.315,-71.849,67.282,-40.869
-14.265,-71.85,67.28,-40.87
-14.265,-71.85,67.28,-40.87
-14.215,-71.851,67.277,-40.872
-14.165,-71.852,67.275,-40.873
-14.115,-71.853,67.272,-40.875
-14.065,-71.854,67.269,-40.877
-14.065,-71.854,67.269,-40.877
-14.015,-71.856,67.266,-40.878
-13.965,-71.857,67.263,-40.88
-13.915,-71.858,67.26,-40.882
-13.865,-71.859,67.256,-40.884
-13.865,-71.859,67.256,-40.884
-13.815,-71.861,67.253,-40.886
-13.765,-71.862,67.249,-40.888
-13.715,-71.864,67.245,-40.891
-13.665,-71.865,67.242,-40.893
-13.665,-71.865,67.242,-40.893
-13.615,-71.867,67.238,-40.895
-13.565,-71.869,67.233,-40.898
-13.515,-71.871,67.229,-40.9
-13.465,-71.872,67.225,-40.903
-13.465,-71.872,67.225,-40.903
-13.415,-71.874,67.22,-40.905
-13.365,-71.876,67.216,-40.908
-13.315,-71.878,67.211,-40.911
-13.265,-71.88,67.206,-40.914
-13.265,-71.88,67.206,-40.914
-13.215,-71.882,67.201,-40.917
-13.165,-71.884,67.196,-40.92
-13.115,-71.886,67.191,-40.923
-13.065,-71.888,67.186,-40.926
-13.065,-71.888,67.186,-40.926
-13.015,-71.891,67.18,-40.929
-12.965,-71.893,67.175,-40.933
-12.915,-71.895,67.169,-40.936
-12.866,-71.897,67.163,-40.939
-12.866,-71.897,67.163,-40.939
-12.816,-71.9,67.157,-40.943
-12.766,-71.902,67.151,-40.947
-12.716,-71.905,67.145,-40.95
-12.666,-71.907,67.139,-40.954
-12.666,-71.907,67.139,-40.954
-12.616,-71.91,67.132,-40.958
-12.566,-71.913,67.126,-40.962
-12.516,-71.916,67.119,-40.966
-12.466,-71.918,67.112,-40.969
-12.466,-71.918,67.112,-40.969
-12.417,-71.921,67.105,-40.974
-12.367,-71.924,67.098,-40.978
-12.317,-71.927,67.091,-40.982
-12.267,-71.93,67.084,-40.986
-12.267,-71.93,67.084,-40.986
-12.217,-71.933,67.076,-40.991
-12.167,-71.936,67.069,-40.995
-12.118,-71.939,67.061,-41
-12.068,-71.942,67.053,-41.004
-12.068,-71.942,67.053,-41.004
-12.018,-71.946,67.045,-41.009
-11.968,-71.949,67.037,-41.014
-11.918,-71.952,67.029,-41.019
-11.868,-71.955,67.021,-41.023
-11.868,-71.955,67.021,-41.023
-11.819,-71.959,67.013,-41.029
-11.769,-71.962,67.004,-41.034
-11.719,-71.966,66.995,-41.039
-11.669,-71.97,66.987,-41.044
-11.669,-71.97,66.987,-41.044
-11.62,-71.973,66.978,-41.049
-11.57,-71.977,66.969,-41.054
-11.52,-71.981,66.96,-41.06
-11.47,-71.984,66.95,-41.065
-11.47,-71.984,66.95,-41.065
-11.421,-71.988,66.941,-41.071
-11.371,-71.992,66.931,-41.077
-11.321,-71.996,66.922,-41.082
-11.271,-72,66.912,-41.088
-11.271,-72,66.912,-41.088
-11.222,-72.004,66.902,-41.094
-11.172,-72.008,66.892,-41.1
-11.122,-72.012,66.882,-41.106
-11.073,-72.016,66.872,-41.112
-11.073,-72.016,66.872,-41.112
-11.023,-72.021,66.861,-41.118
-10.973,-72.025,66.851,-41.124
-10.924,-72.029,66.84,-41.13
-10.874,-72.034,66.83,-41.137
-10.874,-72.034,66.83,-41.137
-10.868,-71.977,66.969,-41.054
-10.862,-71.92,67.109,-40.971
-10.857,-71.863,67.249,-40.888
-10.851,-71.806,67.389,-40.806
-10.851,-71.806,67.389,-40.806
-10.845,-71.749,67.528,-40.723
-10.839,-71.693,67.667,-40.641
-10.834,-71.636,67.806,-40.558
-10.828,-71.579,67.945,-40.476
-10.828,-71.579,67.945,-40.476
-10.822,-71.523,68.082,-40.394
-10.816,-71.468,68.22,-40.312
-10.81,-71.412,68.358,-40.23
-10.804,-71.356,68.496,-40.148
-10.804,-71.356,68.496,-40.148
-10.798,-71.3,68.633,-40.066
-10.793,-71.245,68.77,-39.985
-10.787,-71.19,68.907,-39.903
-10.781,-71.134,69.044,-39.822
-10.781,-71.134,69.044,-39.822
-10.775,-71.079,69.18,-39.741
-10.769,-71.025,69.316,-39.659
-10.763,-70.97,69.452,-39.578
-10.757,-70.915,69.588,-39.497
-10.757,-70.915,69.588,-39.497
-10.751,-70.861,69.723,-39.416
-10.745,-70.807,69.858,-39.336
-10.739,-70.752,69.993,-39.255
-10.733,-70.698,70.128,-39.174
-10.733,-70.698,70.128,-39.174
-10.727,-70.645,70.262,-39.094
-10.721,-70.591,70.396,-39.013
-10.715,-70.537,70.53,-38.933
-10.709,-70.484,70.664,-38.852
-10.709,-70.484,70.664,-38.852
-10.703,-70.43,70.797,-38.772
-10.697,-70.377,70.93,-38.692
-10.691,-70.324,71.063,-38.612
-10.685,-70.271,71.197,-38.532
-10.685,-70.271,71.197,-38.532
-10.679,-70.219,71.329,-38.453
-10.673,-70.166,71.461,-38.373
-10.667,-70.113,71.593,-38.293
-10.661,-70.061,71.725,-38.214
-10.661,-70.061,71.725,-38.214
-10.655,-70.009,71.857,-38.134
-10.648,-69.957,71.988,-38.055
-10.642,-69.905,72.119,-37.976
-10.636,-69.853,72.251,-37.897
-10.636,-69.853,72.251,-37.897
-10.63,-69.801,72.381,-37.818
-10.624,-69.75,72.512,-37.739
-10.618,-69.698,72.642,-37.66
-10.611,-69.647,72.773,-37.581
-10.611,-69.647,72.773,-37.581
-10.605,-69.596,72.902,-37.502
-10.599,-69.545,73.032,-37.423
-10.593,-69.494,73.162,-37.345
-10.586,-69.443,73.291,-37.266
-10.586,-69.443,73.291,-37.266
-10.58,-69.392,73.42,-37.188
-10.574,-69.342,73.549,-37.109
-10.568,-69.291,73.678,-37.031
-10.561,-69.241,73.807,-36.953
-10.561,-69.241,73.807,-36.953
-10.555,-69.191,73.935,-36.875
-10.549,-69.141,74.063,-36.797
-10.542,-69.091,74.191,-36.719
-10.536,-69.041,74.319,-36.641
-10.536,-69.041,74.319,-36.641
-10.53,-68.991,74.446,-36.563
-10.523,-68.942,74.573,-36.485
-10.517,-68.892,74.7,-36.408
-10.511,-68.843,74.827,-36.33
-10.511,-68.843,74.827,-36.33
-10.504,-68.794,74.954,-36.253
-10.498,-68.744,75.08,-36.175
-10.491,-68.695,75.207,-36.098
-10.485,-68.646,75.333,-36.02
-10.485,-68.646,75.333,-36.02
-10.479,-68.598,75.459,-35.943
-10.472,-68.549,75.585,-35.866
-10.466,-68.501,75.71,-35.789
-10.459,-68.452,75.836,-35.712
-10.459,-68.452,75.836,-35.712
-10.453,-68.404,75.961,-35.635
-10.446,-68.356,76.086,-35.558
-10.44,-68.308,76.211,-35.481
-10.433,-68.26,76.336,-35.404
-10.433,-68.26,76.336,-35.404
-10.427,-68.212,76.46,-35.328
-10.42,-68.165,76.584,-35.251
-10.413,-68.117,76.708,-35.175
-10.407,-68.069,76.833,-35.098
-10.407,-68.069,76.833,-35.098
-10.4,-68.022,76.956,-35.022
-10.394,-67.975,77.08,-34.945
-10.387,-67.928,77.203,-34.869
-10.38,-67.881,77.327,-34.793
-10.38,-67.881,77.327,-34.793
-10.374,-67.834,77.449,-34.717
-10.367,-67.787,77.572,-34.641
-10.361,-67.741,77.695,-34.564
-10.354,-67.694,77.818,-34.488
-10.354,-67.694,77.818,-34.488
-10.347,-67.648,77.94,-34.413
-10.34,-67.601,78.062,-34.337
-10.334,-67.555,78.184,-34.261
-10.327,-67.509,78.306,-34.185
-10.327,-67.509,78.306,-34.185
-10.32,-67.463,78.427,-34.109
-10.314,-67.417,78.549,-34.034
-10.307,-67.371,78.67,-33.958
-10.3,-67.326,78.792,-33.883
-10.3,-67.326,78.792,-33.883
-10.293,-67.28,78.912,-33.807
-10.286,-67.235,79.033,-33.732
-10.28,-67.19,79.154,-33.657
-10.273,-67.144,79.275,-33.581
-10.273,-67.144,79.275,-33.581
-10.266,-67.099,79.395,-33.506
-10.259,-67.054,79.515,-33.431
-10.252,-67.009,79.635,-33.356
-10.245,-66.964,79.755,-33.281
-10.245,-66.964,79.755,-33.281
-10.238,-66.92,79.875,-33.206
-10.232,-66.875,79.994,-33.131
-10.225,-66.831,80.114,-33.056
-10.218,-66.786,80.233,-32.981
-10.218,-66.786,80.233,-32.981
-10.211,-66.742,80.352,-32.906
-10.204,-66.698,80.471,-32.831
-10.197,-66.654,80.589,-32.757
-10.19,-66.61,80.708,-32.682
-10.19,-66.61,80.708,-32.682
-10.183,-66.566,80.826,-32.607
-10.176,-66.522,80.945,-32.533
-10.169,-66.479,81.063,-32.458
-10.162,-66.435,81.181,-32.384
-10.162,-66.435,81.181,-32.384
-10.155,-66.392,81.299,-32.31
-10.148,-66.349,81.416,-32.235
-10.141,-66.305,81.534,-32.161
-10.134,-66.262,81.651,-32.087
-10.134,-66.262,81.651,-32.087
-10.126,-66.219,81.768,-32.012
-10.119,-66.176,81.885,-31.938
-10.112,-66.133,82.002,-31.864
-10.105,-66.091,82.12,-31.79
-10.105,-66.091,82.12,-31.79
-10.098,-66.048,82.236,-31.716
-10.091,-66.006,82.352,-31.642
-10.083,-65.963,82.469,-31.568
-10.076,-65.921,82.585,-31.494
-10.076,-65.921,82.585,-31.494
-10.069,-65.879,82.701,-31.42
-10.062,-65.837,82.817,-31.347
-10.055,-65.795,82.933,-31.273
-10.047,-65.752,83.048,-31.199
-10.047,-65.752,83.048,-31.199
-10.04,-65.711,83.164,-31.125
-10.033,-65.669,83.279,-31.052
-10.025,-65.627,83.394,-30.978
-10.018,-65.586,83.509,-30.905
